"Magalieskruin HS","TFWB-Magalieskruin NEW",1,99.99
"Magalieskruin HS"," TFWB-Magalieskruin-Sec-SE",17,99.81
"Magalieskruin HS"," www.bronbergwisp.co.za/Magal-NE",2,99.98
"Magalieskruin HS"," TFWB-Magalieskruin-Sec-NNW",1,99.99
"Magalieskruin HS"," www.bronbergwisp.co.za/Magal-NNE",10,99.89
"Magalieskruin HS"," www.bronbergwisp.co.za/Magali-NW",2,99.98
"Magalieskruin HS",MAGALIESKRUIN-PM,6,99.93
"Magalieskruin HS","Magalieskruin - Static 1",46,99.49
"Magalieskruin HS",TFWB-Magalieskruin-Sec-SE2,6,99.93
"Magalieskruin HS",TFWB-Magalieskruin-Sec-NEE,8,99.91
"Magalieskruin HS",BW-BH-Magalies-Struben,1,99.99
"Magalieskruin HS",TFWB-Magalieskruin-Sec-TS,4,99.96
"Magalieskruin HS",TFWB-Magalies-TS-Sec2,3,99.97
"Magalieskruin HS",TFWB-Magalieskruin-Sec-NNE2,6,99.93
"Lammers 1","Lammers 1 New",1,99.99
"Lammers 1"," BW-LAM-SEC-SW",1,99.99
"Lammers 1"," BW-LAM-WEST",3,99.97
"Lammers 1"," BW-LAM_1-Voip-SW",1,99.99
"Lammers 1"," BW-LAM_1-Voip-SE",1,99.99
"Lammers 1"," BW-LAM-NORTH",1,99.99
"Lammers 1"," BW-LAM-SECT-E",3,99.97
"Lammers 1"," BW-LAM-SECT-N",2,99.98
"Lammers 1"," BW-LAMMERS1-AC-SOUTH",3,99.97
"Lammers 1"," BW-LAMMERS1-AC-SOUTEAST-UPPER",2,99.98
"Lammers 1"," BW-LAMMERS1-AC-SOUTHWEST-UPPER",2,99.98
"Lammers 1",LAM1-PM,3,99.97
"Lammers 1",Lammers1,1,99.99
"Lammers 1","Lammers - Cbd-AP",1,99.99
"Lammers 1","Lammers 1 - MenloPark-AP",3,99.97
"Lammers 1","Lammers Vusi huis",2,99.98
"Lammers 1","Lammers 1 - Static 1",5,99.95
"Lammers 1","Lammers 1 - Static 2",1,99.99
"Lammers 1","Lammers 1 - Static 3",3,99.97
"Lammers 1","Lammers 1 Sectors TS",2,99.98
"Casa Salice","System identity not found",2,99.98
"Casa Salice","Casa_Salice MK",2,99.98
StanleyPark,"Stanley Park Block 25",137,98.49
StanleyPark,"Stanley Park Block 9",137,98.49
StanleyPark,"Stanley Park Block 13",129,98.58
StanleyPark,"Stanley Park Block 1",132,98.55
StanleyPark,"Stanley Park Block 8",140,98.46
StanleyPark,"Stanley Park Block 10",159,98.25
StanleyPark,"Stanley Park Block 11",150,98.35
StanleyPark,"Stanley Park Block 2",140,98.46
StanleyPark,"Stanley Park Block 12",139,98.47
StanleyPark,"Stanley Park Block 14",155,98.29
StanleyPark,"Stanley Park Block 15",134,98.53
StanleyPark,"Stanley Park Block 16",153,98.32
StanleyPark,"Stanley Park Block 3",141,98.45
StanleyPark,"Stanley Park Block 5",144,98.42
StanleyPark,"Stanley Park Block 6",147,98.38
StanleyPark,"Stanley Park Block 7",150,98.35
StanleyPark,"Stanley Park Block 17",144,98.42
StanleyPark,"Stanley Park Block 24",156,98.28
StanleyPark,"Stanley Park Block 26",147,98.38
StanleyPark,"Stanley Park Block 27",160,98.24
StanleyPark,"Stanley Park Block 18",152,98.33
StanleyPark,"Stanley Park Block 28",147,98.38
StanleyPark,"Stanley Park Block 29",400,95.6
StanleyPark,"Stanley Park Block 31",202,97.78
StanleyPark,"Stanley Park Block 19",147,98.38
StanleyPark,"Stanley Park Block 20",178,98.04
StanleyPark,"Stanley Park Block 21",171,98.12
StanleyPark,"Stanley Park Block 22",182,98
StanleyPark,"Stanley Park Block 23",187,97.94
StanleyPark,"Stanley ParkTOP DC MT link to Easyweb",115,98.73
StanleyPark,"Stanley Park Block 4",139,98.47
StanleyPark,"Stanley / Balboa - Power Monitor",152,98.33
StanleyPark,"Stanley Park Main DC Room Top",123,98.65
"La Camarque","La Camarque Estate MK - CCR",4,99.96
"La Camarque","La camarque PM",10,99.89
"Grove Lane","Grove Lane Block 10",1,99.99
"Grove Lane","The Grove Lane Main Uplink",1,99.99
"Grove Lane","Grove Lane Block 7",3,99.97
"Grove Lane","Grove Lane Block 17",3,99.97
"Grove Lane","Grove Lane Block 1",1,99.99
"Grove Lane","Grove lane block 2",2,99.98
"Grove Lane","Grove Lane Block 9",2,99.98
"Grove Lane","Grove Lane Block 11",2,99.98
"Grove Lane","Grove Lane Block 12",1,99.99
"Grove Lane","Grove Lane Block 3",3,99.97
"Grove Lane","Grove Lane Block 13",1,99.99
"Grove Lane","Grove Lane Block 14",1,99.99
"Grove Lane","Grove Lane Block 15",1,99.99
"Grove Lane","Grove Lane Block 16",1,99.99
"Grove Lane","Grove Lane Block 4",2,99.98
"Grove Lane","Grove Lane Block 5",5,99.94
"Grove Lane","Grove Laine Block 6",1,99.99
"Grove Lane","Grove Lane Block 8",3,99.97
"Grove Lane","WIL2 - Grove-Station",11,99.88
"Grove Lane","Grove Lane Fase 2 Main CCR",2,99.98
"Grove Lane","Grove Lane PM",2,99.98
"Grootnet Wipronet ","Grootfontein Bronbergwisp Concentrator",1,99.99
"Grootnet Wipronet ",www.wipronet.co.za/GF-SEE,1,99.99
"Grootnet Wipronet ",www.wipronet.co.za/GF-SW,1,99.99
"Grootnet Wipronet ",www.wipronet.co.za/GF-E,34,99.63
"Grootnet Wipronet ",www.wipronet.co.za/GF-NW,1,99.99
"Grootnet Wipronet ",www.wipronet.co.za/GF-NE,1,99.99
"Grootnet Wipronet "," To_Salo",1,99.99
"Grootnet Wipronet ","Grootnet Edgeswitch",1,99.99
"Grootnet Wipronet ","Grootnet Sector A",2,99.98
"Plotnet 33 Wipronet","Plotnet 33 Bronbergwisp Concentrator",3,99.97
"Plotnet 33 Wipronet"," Annette Thomas",2,99.98
"Plotnet 33 Wipronet",www.wipronet.co.za/33-NE,8,99.91
"Plotnet 33 Wipronet"," Rigting Tierpoort",9,99.9
"Plotnet 33 Wipronet",www.wipronet.co.za/plot33-w,8,99.91
"Plotnet 33 Wipronet",www.wipronet.co.za/plot33-O,9,99.9
"Plotnet 33 Wipronet",www.wipronet.co.za/P33-N,37,99.59
"Plotnet 33 Wipronet"," Riverside uplink",8,99.91
"Plotnet 33 Wipronet",www.wipronet.co.za/ngk,7,99.92
"Plotnet 33 Wipronet",www.wipronet.co.za/33-NWW,7,99.92
"Plotnet 33 Wipronet",www.wipronet.co.za/aio,8,99.91
"Plotnet 33 Wipronet","Plotnet33_Roodeplaat @Plotnet33",6,99.93
"Plotnet 33 Wipronet",(www.wipronet.co.za/Plot33-NNW),13,99.86
"Plotnet 33 Wipronet"," P33-SEE",5,99.95
"Plotnet 33 Wipronet"," Rigting Ingaadi",7,99.92
"Plotnet 33 Wipronet",www.wipronet.co.za/uplink_P33_P2,7,99.92
"Plotnet 33 Wipronet","Plotnet-33 Noord",41,99.55
"Plotnet 33 Wipronet",www.wipronet.co.za/p33,6,99.93
"Plotnet 33 Wipronet","Sorg SW 24port",13,99.86
"Plotnet 33 Wipronet","Kareepark Sfp Switch 24 port",14,99.85
"Plotnet 33 Wipronet","Dagbreek Kuberkol",61,99.33
"Plotnet 33 Wipronet",SorgSentrum,12,99.87
"Plotnet 33 Wipronet","Quintum @ Sorg",15,99.84
"Plotnet 33 Wipronet",SorgsentrumSector,17,99.81
"Plotnet 33 Wipronet","Plotnet 17",8,99.91
"Plotnet 33 Wipronet"," BW-P33-EXPRESS",7,99.92
"Plotnet 33 Wipronet",Plotnet33-Sec-N-New,5,99.95
"Plotnet 33 Wipronet",www.wipronet.co.za/P33-NWWW,4,99.93
"Watertoring Wipronet","Watertoring Bronbergwisp Concentrator",1,99.99
"Watertoring Wipronet",www.wipronet.co.za/KF-SWWW,5,99.94
"Watertoring Wipronet",www.wipronet.co.za/KF-SSE,13,99.86
"Watertoring Wipronet",(www.wipronet.co.za/KF-SEE),2,99.98
"Watertoring Wipronet",(www.wipronet.co.za/KF-SE),3,99.97
"Watertoring Wipronet",(www.wipronet.co.za/watertoring),1,99.99
"Watertoring Wipronet",(www.wipronet.co.za/KF-SW),2,99.98
"Watertoring Wipronet"," www.wipronet.co.za/ianw",2,99.98
"Watertoring Wipronet","WT-na Rhenosterkop",3,99.97
"Watertoring Wipronet","Cambium Watertoring to Moreleta",1,99.99
"Watertoring Wipronet","Cambium Moreleta to Watertoring",14,99.85
"Watertoring Wipronet","MDP Sektor",5,99.95
"Watertoring Wipronet","Uplink Trap to Watertoring",4,99.96
"Watertoring Wipronet","Uplink Watertoring to Trap",2,99.98
"Watertoring Wipronet",MikroTik,5,99.95
"Watertoring Wipronet",WaterToring-KittyHawk,2,99.98
"MHoog Wipronet","Mhoog Bronbergwisp Concentrator",1,99.99
"MHoog Wipronet"," www.wipronet.co.za/qumi2",5,99.94
"MHoog Wipronet"," QuminetAP",6,99.93
"MHoog Wipronet"," Uplink Alfasand",9,99.9
"MHoog Wipronet"," Link na Elnatan",5,99.94
"MHoog Wipronet"," Rigting Klipkop",6,99.93
"MHoog Wipronet",MH-KF2,6,99.93
"MHoog Wipronet",MH-K1,6,99.93
"MHoog Wipronet",MH-sector3,2,99.98
"MHoog Wipronet",www.wipronet.co.za/rpta-sw,6,99.93
"MHoog Wipronet",www.wipronet.co.za/asp,2,99.98
"MHoog Wipronet",www.wipronet.co.za/rpta-o,4,99.96
"MHoog Wipronet",www.wipronet.co.za/rpta-sso,58,99.36
"MHoog Wipronet",www.wipronet.co.za/eland-am,4,99.96
"MHoog Wipronet","Red 2 Rayton",3,99.97
"MHoog Wipronet","MHoog to Witbank",3,99.97
"MHoog Wipronet","Ben Goosen to MHoog",85,99.07
"MHoog Wipronet","Faan de Vos 2.4 Uplink Mikrotik",1,99.99
"MHoog Wipronet",BW-MHoog-Sect-Suid3,3,99.97
"MHoog Wipronet","MHoog Sektor Nuut",2,99.98
"MHoog Wipronet","BW-MHOOG-SECT-SW (PRISM)",3,99.97
"Rooihuiskraal Estate","Rooihuiskraal Estate Block 5",45,99.5
"Rooihuiskraal Estate","Rooihuiskraal Estate Main CCR",52,99.43
"Rooihuiskraal Estate","Rooihuiskraal Estate Block 1",49,99.46
"Rooihuiskraal Estate","Rooihuiskraal Estate Block 6",46,99.49
"Rooihuiskraal Estate","Rooihuiskraal Estate Block 2",44,99.52
"Rooihuiskraal Estate","Rooihuiskraal Estate Block 4",39,99.57
"Rooihuiskraal Estate","Rooihuiskraal Estate Block 3",47,99.48
"Farm Inn East HS","Farminn East NEW ",1,99.99
"Farm Inn East HS"," BW-FI-WT",57,99.37
"Farm Inn East HS"," BW-FI-S-2",7,99.92
"Farm Inn East HS"," BW-FI-S-5",4,99.96
"Farm Inn East HS"," www.bronbergwisp.co.za/NE",2,99.98
"Farm Inn East HS"," www.bronbergwisp.co.za/E-3",3,99.97
"Farm Inn East HS"," www.bronbergwisp.co.za/SW-4",3,99.97
"Farm Inn East HS"," www.bronbergwisp.co.za/SE-6",4,99.96
"Farm Inn East HS"," www.bronbergwisp.co.za/S-5",4,99.96
"Farm Inn East HS"," www.bronbergwisp.co.za/N-1",4,99.96
"Farm Inn East HS"," www.bronbergwisp.co.za/W-2",4,99.96
"Farm Inn East HS"," BW-FI-S-6",10,99.89
"Farm Inn East HS"," BW-FI-S-4",4,99.96
"Farm Inn East HS"," BW-FI-S-1",10,99.89
"Farm Inn East HS"," BW-FI-S-3",18,99.8
"Farm Inn East HS"," Olympus_Ext-FI_east",13,99.86
"Farm Inn East HS",FI_EAST-PM,3,99.97
"Farm Inn East HS","SIAE to Luberon",1,99.99
"Farm Inn East HS","FI East TS 3",3,99.97
"Luberon HS",BW-LUBERON,2,99.98
"Luberon HS"," Luberon SEC W",4,99.96
"Luberon HS"," Luberon SEC S",3,99.97
"Luberon HS"," PTP-LUBERON-HS",4,99.96
"Luberon HS","BW-Luberon-Mooikloof-CC AP",4,99.96
"Luberon HS",Luberon-PM,52,99.43
"Luberon HS",BW-Luberon-SEC-W_2,6,99.93
"Cullinan HS",BW-Cullinan-MK,89,99.02
"Cullinan HS"," TFWB-Cullinan-Sec1-N",84,99.08
"Cullinan HS",CULLINAN-PM,80,99.12
"Cullinan HS",TFWB-Cul-Sec2-E,89,99.02
"Cullinan HS","Cullinan - Static 1",85,99.07
"Cullinan HS","Cullinan - Static 2",87,99.04
"Cullinan HS","Cullinan - PTZ",92,98.99
"Faerie Glen 5","Faerie Glen 5",1,99.99
"Faerie Glen 5"," BW-FGL5-SEC SE",4,99.96
"Faerie Glen 5",BW-FGL5-SCHULE,15,99.84
"Faerie Glen 5"," IT Schools INTERNET PTP",2,99.98
"Faerie Glen 5"," BW-FGL5-SEC S",2,99.98
"Faerie Glen 5"," BW-FGL5-SEC N",18,99.8
"Faerie Glen 5"," BW-FGL5-SEC NE",1,99.99
"Faerie Glen 5"," BW-FGL5-SEC NW",2,99.98
"Faerie Glen 5"," BW-FGL5-SEC SW",3,99.97
"Faerie Glen 5"," BW-BH-FGL1-FGL5",31,99.66
"Faerie Glen 5","Faerie Glen 5 Camera Toughswitch",3,99.97
"Faerie Glen 5","Faerie Glen 5 Static Camera 1",4,99.96
"Faerie Glen 5","Faerie Glen 5 Static Camera 2",7,99.92
"Faerie Glen 5","Faerie Glen 5 Static Camera 3",2,99.98
"Faerie Glen 5","Cash Flow Capital P2P - Station - Client Side",29,99.68
"Faerie Glen 5","Cash Flow Capital P2P - Access Point - FGL5",3,99.97
"Faerie Glen 5",BW-FGL5-SEC3-30,10,99.89
"Faerie Glen 5",BW-FGL5-SEC2-30,5,99.95
"Faerie Glen 5",BW-FGL5-SEC1-30,6,99.93
"Waterlake Farm",WaterlakeFarm,2,99.98
"Waterlake Farm",www.wipronet.co.za/WL-SE,3,99.97
"Waterlake Farm","""www.wipronet.co.za/WL-NE""",4,99.96
"Waterlake Farm"," Waterlake NW",4,99.96
"Waterlake Farm",BW-WLake-Sect-NE-2,4,99.96
Strubenkop,BW-Strubenkop-HS,2,99.98
Strubenkop," PowerBeam M5 400",1,99.99
Strubenkop," BW-Strubenkop-Sec4-W",1,99.99
Strubenkop," BW-Strubenkop-Sec3-S",1,99.99
Strubenkop," BW-Strubenkop-Sec2-E",4,99.96
Strubenkop," BW-Strubenkop-Sec1-N",2,99.98
Strubenkop," BW-Carina-Struben",70,99.23
Strubenkop,BW-STRBNKOP-PM,8,99.91
Strubenkop,struben_waverley,6,99.93
Strubenkop,BW-Struben-Magalies,3,99.97
Strubenkop,BW-Strubenkop-Sec5-S_2,2,99.98
"Monument Park","BW-Monument Park HS",81,99.11
"Monument Park"," BW-MonuPark-Sec-W",81,99.11
"Monument Park"," BW-MonuPark-Sec-S",80,99.12
"Monument Park"," BW-MonuPark-Sec-N",79,99.13
"Monument Park"," BW-MonuPark-Sec-E",79,99.13
"Monument Park",MonPark_PM,88,99.03
"Laudium HS","Laudium BW",22,99.76
"Laudium HS"," TFWB-Luad-Sec-NW",8,99.91
"Laudium HS"," TFWB-Luad-Sec-NE",15,99.84
"Laudium HS"," Vibro Econslag HS Titanium",15,99.84
"Laudium HS",LAUD-PM,190,97.91
Maxis,Maxis_HS,44,99.52
Maxis,"SA-Outsourcing 1",1,99.99
Maxis," BW-Maxis-Sec1",47,99.48
Maxis," BW-BH-MAXXIS-GREENSTONE",47,99.48
Maxis,Maxis_PM,57,99.37
Maxis,bronbergwisp/MaxisSec2SW,48,99.47
"Rooihuiskraal HS",BW_Rooihuiskraal,40,99.56
"Rooihuiskraal HS"," TFWB-Rooihuiskraal-Sect-S",47,99.48
"Rooihuiskraal HS"," TFWB-Rooihuiskraal-Sec-NNE",35,99.62
"Rooihuiskraal HS"," TFWB-Rooihuiskraal-Sec-SW",43,99.53
"Rooihuiskraal HS",ROOIHUISKRAAL-PM,823,90.95
"Rooihuiskraal HS","Rooihuiskraal - Static 1",787,91.34
"Rooihuiskraal HS","Rooihuiskraal - Static 2",866,90.47
"Rooihuiskraal HS","Rooihuiskraal - PTZ",777,91.45
Bronkhorstbaai,"Bornkhorstbaai HS",78,99.14
Bronkhorstbaai," BW-BH-BRONKSPRUIT-BRONKBAAI",68,99.25
Bronkhorstbaai," TFWB-BRONKBAAI-SEC-2-SW",74,99.19
Bronkhorstbaai," TFWB-BRONKBAAI-SEC-1-E",102,98.88
"Faerie Glen 1",BW_Faerie_Glen_1,33,99.64
"Faerie Glen 1"," BronWisp-Tower-North-2",37,99.59
"Faerie Glen 1"," Bronwisp-Tower-West-Eco",31,99.66
"Faerie Glen 1"," BronWisp-Tower-West-2",35,99.61
"Faerie Glen 1"," BW-T-Voip-S1",31,99.66
"Faerie Glen 1"," BronWisp-Tower-West-Broardwalk",32,99.65
"Faerie Glen 1",FGL1-PM,36,99.6
"Faerie Glen 1",BronWisp-Tower-South-10,41,99.55
"Faerie Glen 1","Polaris - FGL5-AP",41,99.55
"Faerie Glen 1","Faerie Glen 1 Camera Toughswitch",28,99.69
"Faerie Glen 1","Faerie Glen 1 Static Camera 1",34,99.63
"Faerie Glen 1","Faerie Glen 1 Static Camera 2",33,99.64
"Faerie Glen 1","Faerie Glen 1 Static Camera 3",33,99.64
SaartjiesNek,"BW-Saartjienek 2011",21,99.77
SaartjiesNek," BW-Saartjiesnek-Sec6",33,99.64
SaartjiesNek," BW-Saartjiesnek-Sec3-N",17,99.81
SaartjiesNek," BW-Saartjiesnek-Sec1-NE",12,99.87
SaartjiesNek," BW-Saartjiesnek-Sec5-N-Low",38,99.58
SaartjiesNek," BW-Saartjiesnek-Sec4-SE",23,99.75
SaartjiesNek," BW-Saartjiesnek-Sec2-W",21,99.77
SaartjiesNek,SARTJIESNEK-PM,16,99.82
SaartjiesNek,BW-BH-AMANDA-SAARTJIE,27,99.7
SaartjiesNek,"Saartjies Nek Camera Toughswitch",28,99.69
SaartjiesNek,"Saartjies Nek Static Camera 1",25,99.73
SaartjiesNek,"BW-Saartjienek 2011",13,99.86
Baviaanspoort,"Baviaans Poort",47,99.48
Baviaanspoort," BW-BAV-SEC-NE",63,99.31
Baviaanspoort," BW-BAV-SEC-W",41,99.55
Baviaanspoort," BW-BAV-SEC-N",35,99.62
Baviaanspoort," BW-BAV-SEC-E",51,99.44
Baviaanspoort,BAV_PM,45,99.51
"Brakfontein HS","BW Brakfontein HS",53,99.42
"Brakfontein HS"," TFWB-SEC-4-W",55,99.4
"Brakfontein HS"," TFWB-SEC-3-S",54,99.41
"Brakfontein HS"," TFWB-SEC-2-E",60,99.34
"Brakfontein HS"," TFWB-SEC-1-N",54,99.41
"Brakfontein HS","Brakfontein - Wrapsa-Station",50,99.45
"Brakfontein HS",TFWB-Brakfontein-Sec-N,11,99.84
"Brakfontein HS",TFWB-Brakfontein-Sec-S,14,99.8
"Murrayfield HS",BW-Murrayfield,2,99.98
"Murrayfield HS"," Soillab PTP",4,99.96
"Murrayfield HS"," TFWB-Murrayfield-Sec-3-N",4,99.96
"Murrayfield HS"," TFWB-Murrayfield-Sec-2-SW",39,99.57
"Murrayfield HS"," TFWB-Murrayfield-Sec-1-NW",4,99.96
"Murrayfield HS",MrYfld-PM,66,99.27
"Murrayfield HS",Ignite-Murrayfield,1,99.99
"Murrayfield HS",SIAE-Murrayfield-Wilgers2,1,99.99
"Murrayfield HS",SIAE-Wilgers2-Murrayfield,1,99.99
"Vibro Rosslyn HS","Vibro Roslyn HS",39,99.57
"Vibro Rosslyn HS"," BW-VIB-SEC-NE-CLIENTS",48,99.47
"Vibro Rosslyn HS"," BW-VIB-SEC-S",48,99.47
"Vibro Rosslyn HS"," BW-VIB-SECT-NW",47,99.48
"Vibro Rosslyn HS",V-Roslyn_PM,71,99.22
"Vibro Rosslyn HS",BW-BH-AMANDA2-VIBRO,47,99.48
"Vibro Rosslyn HS",BW-VIBRO-Rosslyn-Client-TS,67,99.26
"Rayton HS","BW-Rayton HS",80,99.12
"Rayton HS"," BW-Rayton-Sect-1",86,99.05
"Rayton HS",RAYTON-PM,98,98.92
"Rayton HS","Rayton - Static Main 1",579,93.63
"Pretoria Oos Hospitaal",TFWB-Pretoria-East,2,99.98
"Pretoria Oos Hospitaal"," BW-PTAHSP-WEST",1,99.99
"Pretoria Oos Hospitaal"," BW-PTAHSP-EAST",1,99.99
"Pretoria Oos Hospitaal"," BW-PTAHSP-SOUTH",1,99.99
"Pretoria Oos Hospitaal"," PTA East Sector N",5,99.95
"Wilgers 3 HS","Wilgers 3 Wispsa",5,99.94
"Wilgers 3 HS"," WISPSA-WIL-SECTOR-2",7,99.92
"Wilgers 3 HS"," WISPSA-WIL-SECTOR-1",11,99.88
"Wilgers 3 HS"," Rocket M5",2,99.98
"Wilgers 3 HS"," WISPSA-WIL-SECTOR-5 VOICE",6,99.93
"Wilgers 3 HS"," WISPSA-WIL-SECTOR-4",8,99.91
"Wilgers 3 HS"," WISPSA-WIL-SECTOR-3",5,99.95
"Wilgers 3 HS","Wilgers 3 PM",346,96.19
"Wilgers 3 HS","Wilgers 3 Camera Toughswitch",9,99.9
"Wilgers 3 HS","Wilgers 3 Static Camera 1",18,99.8
"Wilgers 3 HS","Wilgers 3 Static Camera 2",13,99.86
"Lotus Gardens HS",TFWB-Lotus,43,99.53
"Lotus Gardens HS"," TFWB-Lotus_Garden-Sec4",29,99.68
"Lotus Gardens HS"," TFWB-Lotus_Garden-Sec3",30,99.67
"Lotus Gardens HS"," TFWB-Lotus_Garden-Sec2",38,99.58
"Lotus Gardens HS"," TFWB-Lotus_Garden-Sec1",32,99.65
"Lotus Gardens HS",LTS_PM,95,98.96
"Bronkhorstspruit HS",TFWB-Bronkhorstpruit,81,99.11
"Bronkhorstspruit HS"," TFWB-Bronkhorstspruit-Sec3-W",67,99.26
"Bronkhorstspruit HS"," TFWB-VOIP-SEC-S",73,99.2
"Bronkhorstspruit HS"," TFWB-Bronkhorstspruit-Sec-S",73,99.2
"Bronkhorstspruit HS",BRONK_PM,170,98.13
"Bronkhorstspruit HS","TFW-Bronkhorstspruit H/S",75,99.18
"Bronkhorstspruit HS","Bronkhorspruit - Static 1",79,99.13
"Bronkhorstspruit HS","Bronkhorspruit - PTZ",174,98.09
"Cable View HS",TFWB-HartiesOrCableView,61,99.33
"Cable View HS"," BW-HARTIES-Sect-SE",94,98.97
"Cable View HS"," BW-HARTIES-Sect-W",85,99.07
"Cable View HS"," BW-HARTIES-Sect-S",75,99.18
"Cable View HS"," BW-HARTIES-Sect-NE",90,99.01
"Cable View HS"," BW-HARTIES-Sect-E",94,98.97
"Cable View HS",BW-Cableview-Client-TF,86,99.05
"Farm Inn West HS","BW_Farm Inn_Tower_West_Backup",2,99.98
"Farm Inn West HS"," FI-WT-N",3,99.97
"Farm Inn West HS"," FI-WT-S",6,99.93
"Farm Inn West HS"," FI-WT-W",3,99.97
"Farm Inn West HS"," BW-Farmin-West-Sect-W",23,99.75
"Farm Inn West HS"," BW-Farmin-West-Sect-S",5,99.95
"Farm Inn West HS"," BW-Farmin-West-Sect-E",6,99.93
"Farm Inn West HS"," BW-Farmin-West-Sect-N",7,99.92
"Farm Inn West HS",FI_WT-PM,2,99.98
"Twin City","Twin City",17,99.81
"Twin City"," BW-Twincity-Sec4-W",18,99.8
"Twin City"," BW-Twincity-Sec3-S",7,99.92
"Twin City"," BW-Twincity-Sec2-E",19,99.79
"Twin City"," BW-Twincity-Sec1-N",20,99.78
"Twin City"," BW-GROENKLOOF-TO-TWINCITY",17,99.81
"Twin City","Pieter delport - TwinCity-Station",10,99.89
"Ekandastria HS",Ekandastria,79,99.13
"Ekandastria HS"," TFWB-Ekandustria-Sec1-N",76,99.16
"Ekandastria HS",EKANDUSTRIA-PM,86,99.05
"Ekandastria HS","Ekandastria - PTZ",79,99.13
"Ekandastria HS","Ekandastria - Static Cam 2",83,99.09
"Ekandastria HS","TFW-Ekandastria-TS-Cam ",78,99.14
"Ekandastria HS",BW-Ekandastria-Sec-W,99,98.91
"Roodeplaat Intundla",Roodeplaat,37,99.59
"Roodeplaat Intundla"," Dam Side ",36,99.6
"Roodeplaat Intundla"," BW-Roodeplaat-SEC-N",34,99.63
"Roodeplaat Intundla"," BW-Roodeplaat-SEC-E",34,99.63
"Roodeplaat Intundla"," BW-Roodeplaat-SEC-S",34,99.63
"Roodeplaat Intundla","Roodeplaat- PM",51,99.44
"Roodeplaat Intundla","Roodeplaat to  Kameeldrif Station",36,99.6
"Refilwe HS",TFWB-Rifilwe,2,99.98
"Refilwe HS"," Rocket M5 Titanium GPS",3,99.97
"Refilwe HS",REFILWE-PM,137,98.49
"Vibro Sandvlakte",TFWB_Sandvlakte,3,99.97
"Vibro Sandvlakte"," BW-Sandvlaket-Sec-W",2,99.98
"Vibro Sandvlakte"," BW-Sandvlakte-Sec-O",2,99.98
"Vibro Sandvlakte"," BW-Sandvalkte-Sec-N",4,99.96
"Vibro Sandvlakte"," SandvlakteTower-SandvlakteOffice",4,99.96
"Vibro Sandvlakte",SANDVLAKTE_PM,19,99.79
"Faerie Glen 3","BW Faerie Glen 3",1,99.99
"Faerie Glen 3"," BW-FGL3-SEC-NE",1,99.99
"Faerie Glen 3"," BW-FGL3-SEC4-E-ONDER",1,99.99
"Faerie Glen 3"," BW-FGL3-SEC3-E-BO",1,99.99
"Faerie Glen 3"," BW-FGL3-SEC2-W-ONDER",1,99.99
"Faerie Glen 3"," BW-FGL3-SEC1-W-BO",1,99.99
"Faerie Glen 3"," BW-BH-KOEDOESNEK-TO-FGL3",2,99.98
"Faerie Glen 3"," BW-FGL3-SEC-N",1,99.99
"Faerie Glen 3",FGL-3_PM,2,99.98
"Faerie Glen 3","FGL3 - WIL2-Station",3,99.97
"Faerie Glen 3","Faerie Glen 3 Camera Toughswitch",3,99.97
"Faerie Glen 3","Faerie Glen 3 Static Camera 1",6,99.93
"Faerie Glen 3","Faerie Glen 3 Static Camera 2",5,99.95
"Faerie Glen 3","Faerie Glen 3 Static Camera 3",4,99.96
"Uitsig  HS",TFWB_Uitsig,56,99.38
"Uitsig  HS"," TFWB-Uitsig-Sector-5-SW-Louisa",47,99.48
"Uitsig  HS"," TFWB-Uitsig-Sec-4-East",47,99.48
"Uitsig  HS"," TFWB-Uitsig-Sec2-W",47,99.48
"Uitsig  HS"," TFWB-Uitsig-Sec-1-N",40,99.56
"Uitsig  HS"," TFWB-Uitsig-Sec-3-S",47,99.48
"Uitsig  HS",BAKENKOP-PM,103,98.87
"Uitsig  HS","Bakenkop - Static 1",118,98.7
"Uitsig  HS","Bakenkop - Static 2",98,98.92
"Uitsig  HS","Bakenkop - PTZ",111,98.78
"Uitsig  HS",TFWB-Uitsig-Sec6-S(45),38,99.58
"Hercules East HS",TFWB-Hercules_East,89,99.02
"Hercules East HS"," TFWB-Herculus-Sec-S",84,99.08
"Hercules East HS"," TFWB-Herculus-Sec-NE",89,99.02
"Hercules East HS"," TFWB-Herculus-Sec-NW",88,99.03
"Hercules East HS",Hercules-PM,258,97.16
"Hercules East HS",BW-Hercules-Sec3-NW,97,98.93
"Faerie Glen 4","Faerie Glen 4",1,99.99
"Faerie Glen 4"," BW-FGL4-SEC SW 2",1,99.99
"Faerie Glen 4"," BW-FGL4-SEC-NE",2,99.98
"Faerie Glen 4"," BW-FGL4-SEC-SW",2,99.98
"Faerie Glen 4"," BW-FGL4-SEC-W",2,99.98
"Faerie Glen 4"," BW-FGL4-SEC-SE",9,99.9
"Faerie Glen 4"," BW-FGL4-SEC-N",3,99.97
"Faerie Glen 4"," BW-FGL4-SEC-NW",2,99.98
"Faerie Glen 4",FGL4-PM,1,99.99
"Faerie Glen 4","Faerie Glen 4 Camera Toughswitch",3,99.97
"Faerie Glen 4","Faerie Glen 4 Static Camera 1",5,99.95
"Faerie Glen 4","Faerie Glen 4 Static Camera 2",7,99.92
"Faerie Glen 4","Faerie Glen 4 Static Camera 3",3,99.97
"Faerie Glen 4","BW-FGL4-SEC S",4,99.96
"Faerie Glen 4","FG4 To Constantia Park",4,99.96
"Montana HS",TFWB_Montana,56,99.38
"Montana HS"," TFWB-Montana-Devotech",43,99.53
"Montana HS"," TFWB-Montana-Sec-3",56,99.38
"Montana HS"," TFWB-Montana-Sec-1",65,99.29
"Montana HS"," TFWB-Montana-Sec-4",48,99.47
"Montana HS"," TFWB-Montana-Sec-2",53,99.42
"Montana HS",MONTANA-PM,66,99.27
"Montana HS","Montana - Static 1",245,97.31
"Montana HS","Montana - Static 2",243,97.33
"Montana HS","Montana - PTZ",238,97.38
"Montana HS",TFWB-Montana-CSEC-NE,3,99.9
"Montana HS",TFWB-MONTANA-CSEC-NW,1,99.97
"Sosh HS-007",TFWB-Sosh-Hs001,197,97.83
"Sosh HS-007",SOSH-HS-007-PM,163,98.21
"Amberfield HS",TFWB_Amberfield,58,99.36
"Amberfield HS"," TFWB-Amberfield_BW-TFW-Sect-W",64,99.3
"Amberfield HS"," TFWB-Amberfield_BW-TFW-Sect-S",59,99.35
"Amberfield HS"," TFWB-Amberfield-Sect-E",48,99.47
"Amberfield HS"," TFWB-Amberfield_BW-TFW-Sect-N",58,99.36
"Amberfield HS"," TFWB-Amberfield_Sec-W-Louisa Park",67,99.26
"Amberfield HS"," BW-P2P-Amber-Valley",55,99.4
"Amberfield HS",AMB-PM,95,98.96
"Amberfield HS","Amberfield TS Cameras",83,99.09
"Amberfield HS","Amberfield Static Camera 1",161,98.23
"Amberfield HS","Amberfield Static Camera 2",91,99
Kusile,Kusile,75,99.17
Kusile," BW-Kusile-Sec3",67,99.26
Kusile,BW-Kusile-Sec1,73,99.2
Kusile," BW-Kusile-Sec2",77,99.15
Kusile,"Kusile PM",76,99.16
"Gomes HS",Gomes,17,99.81
"Gomes HS"," UBNT-TFWB-Gom-Sect_SE",12,99.87
"Gomes HS"," UBNT-TFWB-Gom-Sect_SW",11,99.88
"Gomes HS",Gomes_PM,31,99.66
"Mnandi HS",Mnandi,38,99.58
"Mnandi HS"," TFWB-Mnandi BW-TFW-Sect-W",46,99.49
"Mnandi HS"," TFWB-Mnandi-Sec2",31,99.66
"Mnandi HS"," TFWB-Mnandi-SEC-W",37,99.59
"Mnandi HS"," TFWB-Mnandi-Sec1",49,99.46
"Mnandi HS",MNANDI_PM,146,98.39
"Mnandi HS","Mnandi Static 1",275,96.98
Swavelpoort,SwavelPoort,36,99.6
Swavelpoort," OTT Technologies PTP",68,99.25
Swavelpoort," BW-Swawelpoort-Sect-W",46,99.49
Swavelpoort," BW-Swawelpoort-Sect-S",51,99.44
Swavelpoort," BW-Swawelpoort-Sect-E",40,99.56
Swavelpoort," BW-Swawelpoort-Sect-N",62,99.32
Swavelpoort,BW-Swawelpoort-Sect-SW,42,99.54
"Wapadrand HS",Wapadrand,3,99.97
"Wapadrand HS"," TFWB-Wapadrand-O",5,99.95
"Wapadrand HS"," Wapadrand Power Monitor",9,99.9
"Wapadrand HS"," TFWB-Wapadrand-W",6,99.93
"Wapadrand HS"," TFWB-Wapadrand-N",8,99.91
"Wapadrand HS"," Rocket 5AC Prism",4,99.96
"Wapadrand HS","Wapadrand Toughswitch Cams + Sectors",6,99.93
"Wapadrand HS","Wapadrand  Static Cam 1",9,99.9
"Wapadrand HS","Wapadrand  Static Cam 2",11,99.88
"Wapadrand HS","Wapadrand  Static Cam 3",12,99.87
"Elardus Park HS",TFWB_ElardusPark,4,99.96
"Elardus Park HS"," TFWB-ElardusPark-Sec4",4,99.96
"Elardus Park HS"," TFWB-ElardusPark-Sec3",4,99.96
"Elardus Park HS"," TFWB-ElardusPark-Sec2",2,99.98
"Elardus Park HS"," TFWB-ElardusPark-Sec1",3,99.97
"Elardus Park HS"," TFWB-Castle-Elarduspark-Rocket",1,99.99
"Elardus Park HS",ELdusPrk-PM,4,99.96
"Elardus Park HS","ElardusPark -Static Cam 1",5,99.95
"Elardus Park HS","ElardusPark Toughswitch Cameras",2,99.98
"Elardus Park HS",TFWB-ElardusPark-Sec2-2,2,99.98
"Elardus Park HS",TFWB-ElardusPark-Sec3_2,4,99.96
"Elardus Park HS",TFWB-ElardusPark-Sec2_3,4,99.96
Vodacom,"Vodacom - Techinc",42,99.54
Vodacom," BW-AV-Sec-N",34,99.63
Vodacom," BW-AV-Sec-S",45,99.51
Vodacom," TFWB-lyttelton-to-AV",40,99.56
"Constantia Park HS",Constantia_Park,52,99.43
"Constantia Park HS"," TFWB-Constantiapark-Sec-4",37,99.59
"Constantia Park HS"," TFWB-Constantiapark-Sec-5",49,99.46
"Constantia Park HS"," TFWB-Constantiapark-Sec-3",57,99.37
"Constantia Park HS"," TFWB-Constantiapark-Sec-2",44,99.52
"Constantia Park HS"," TFWB-Constantiapark-Sec-1",41,99.55
"Constantia Park HS"," TFWB-Constantiapark-Sec-6",36,99.6
"Constantia Park HS"," TFWB-Constantia-AC-to-Carina",61,99.33
"Constantia Park HS",Constantiapark-PM,59,99.35
"Constantia Park HS","Laeveld - Constantia-AP",25,99.73
"Constantia Park HS","Constantiapark - Static 1",73,99.2
"Constantia Park HS","Constantiapark - PTZ",64,99.3
"Constantia Park HS",TFWB-Const-Sec8-E,37,99.59
"Constantia Park HS",TFWB-Const-Sec7-SE,49,99.46
"Constantia Park HS",TFWB-Const-TS2-Clients,37,99.59
"Constantia Park HS",TFWB-PtP-ABS,40,99.56
"Erasmusrand HS",Erasmusrand,57,99.37
"Erasmusrand HS"," TFWB-Erasmusrand-Sec-2-E",58,99.36
"Erasmusrand HS"," TFWB-Sec-1-N",37,99.59
"Erasmusrand HS"," TFWB-Sec-4-S",59,99.35
"Erasmusrand HS"," TFWB-Erasmusrand-Sec-3-W",74,99.19
"Erasmusrand HS"," TFWB-Erasmusrand-Sec5-SW",51,99.44
"Erasmusrand HS"," Constantia-Erasmusrand",42,99.54
"Erasmusrand HS",Erasmusrand-PM,48,99.47
"Erasmusrand HS","Erasmusrand - Static 1",56,99.38
"Temba Mast",BW-Temba,17,99.81
"Temba Mast"," PowerBeam M5 400",34,99.63
"Temba Mast"," TFWB-Temba-Sec-4",23,99.75
"Temba Mast"," TFWB-Temba-Sec3-Boxfress",24,99.74
"Temba Mast"," TFWB-THEMBA-SEC-NE",14,99.85
"Temba Mast"," TFWB-Temba-Sec2",15,99.84
"Temba Mast",TEMBA-PM,52,99.43
"Wonderboom Nek HS",tfwb-WB-Nek,18,99.8
"Wonderboom Nek HS"," TFWB-Wonderboomnek-Sec-N",23,99.75
"Wonderboom Nek HS"," TFWB-Wonderboomnek-Sec-S",17,99.81
"Wonderboom Nek HS"," TFWB-Wonderboomnek-Sec-NW",11,99.88
"Wonderboom Nek HS"," TFWB-Wonderboomnek-Sec-NE",21,99.77
"Wonderboom Nek HS",TFWB-Wonderboomnek-PM,95,98.96
"Wonderboom Nek HS",TFWB-Wonderboomnek-Sec-NE_2,19,99.79
"Wonderboom Nek HS",TFWB-WBN-SEC-S2,11,99.63
"Moreleta HS",BW-Moreleta-HS,1,99.99
"Moreleta HS"," TFWB-Mor-Sec5",1,99.99
"Moreleta HS"," TFWB-Mor-Sec4-W",2,99.98
"Moreleta HS"," TFWB-Mor-Sec3-S",16,99.82
"Moreleta HS"," TFWB-Mor-Sec1-N",3,99.97
"Moreleta HS"," TFWB-Moreleta-Synexus-PtP",1,99.99
"Moreleta HS"," TFWB-Mor-Sec2-E",1,99.99
"Moreleta HS",MORELETA-PM,217,97.61
"Moreleta HS","Moreleta - Static 1",231,97.46
"Moreleta HS","Moreleta - PTZ",229,97.48
"Moreleta HS","SIAE @ Morelleta to Studio Burnett",2,99.98
"DerdePoort Waverley",Derdepoort,26,99.71
"DerdePoort Waverley",BW-Der-Sect-SW,29,99.68
"DerdePoort Waverley"," BW-Der-Sect-S",66,99.27
"DerdePoort Waverley",BW-Der-Sect-N,24,99.74
"DerdePoort Waverley"," BW-BH-WIL2-DERDEPOORT",3,99.97
"DerdePoort Waverley",Derdepoort-PM,48,99.47
"DerdePoort Waverley",BW-DERDEPOORT-SEC-O2,24,99.74
"MenloPark / Lynwood",Menlopark,1,99.99
"MenloPark / Lynwood"," TFWB-P2P-MMM-PRO STATION",24,99.74
"MenloPark / Lynwood"," TFWB-Menlo-Sect-NW",10,99.89
"MenloPark / Lynwood"," TFWB-Menlo-VoipSect-SE",3,99.97
"MenloPark / Lynwood"," TFWB-Menl-Sect-S",1,99.99
"MenloPark / Lynwood"," TFWB-Menl-Sect-SE",1,99.99
"MenloPark / Lynwood"," TFWB-Menl-Sect-E",28,99.69
"MenloPark / Lynwood"," TFWB-Menl-Sect-NE",2,99.98
"MenloPark / Lynwood"," TFWB-Menl-Sect-N",1,99.99
"MenloPark / Lynwood",LYNNWOOD-PM,37,99.59
"MenloPark / Lynwood","Lammers 1 - MenloPark-Station",1,99.99
"MenloPark / Lynwood","Lynwood - Static 1",45,99.51
"MenloPark / Lynwood","Lynwood - PTZ",41,99.55
"MenloPark / Lynwood","Treasury 1 - SIAE @ Menlo",1,99.99
"MenloPark / Lynwood","Treasury 1 - SIAE at Treasury",1,99.99
"MenloPark / Lynwood","TFWB-P2P-MMM-PRO Access Point",2,99.98
"MenloPark / Lynwood","Menlopark TS 2",2,99.98
"MenloPark / Lynwood","Menlopark TS",2,99.98
"Carina HS",TFWB_Carina,50,99.45
"Carina HS"," TFBW-Carina-SEC-W",43,99.53
"Carina HS"," TFBW-Carina-SEC-S",50,99.45
"Carina HS"," TFBW-Carina-SEC-E",52,99.43
"Carina HS",TFBW-Carina-SEC-N,47,99.48
"Carina HS",Carina_PM,99,98.91
"Carina HS","Carina to Schanskop",48,99.47
"Carina HS","Heartfelt Arena Microwave Carina To Heartveld",48,99.47
"Carina HS","Carina Static",27,99.63
"Heights HS",Heights,216,97.62
"Heights HS","  TFWBronberg-Heights-Sec2",208,97.71
"Heights HS","  TFWBronberg-Heights-Sec1",218,97.6
"Heights HS","Heights - Static 1",304,96.66
"Urologies HS","BW-Urologies HS",4,99.96
"Urologies HS"," URO-SOUTH",5,99.95
"Urologies HS"," URO-NORTH",4,99.96
"Urologies HS"," URO-WEST",4,99.96
"Urologies HS"," URO-SEC-EAST",4,99.96
"Urologies HS","Urologies Hospital Client Internal",18,99.8
"Urologies HS","Urological Hospital Fibre Distribution Router",3,99.97
"French Street HS","MikroTik Freanch",4,99.96
"French Street HS"," WISPSA-MOR-SECTOR-5",3,99.97
"French Street HS"," WISPSA-MOR-SECTOR-4",2,99.98
"French Street HS"," WISPSA-MOR-SECTOR-3",3,99.97
"French Street HS"," WISPSA-MOR-SECTOR-2",6,99.93
"French Street HS"," WISPSA-MOR-SECTOR-1",3,99.97
"French Street HS",FRCH_PM,1,99.99
"Wilgers 2 HS","BW Wilgers 2",4,99.96
"Wilgers 2 HS",BW-WIL2-SEC-NE-BO,5,99.95
"Wilgers 2 HS"," BW-WIL2-SEC-E",4,99.96
"Wilgers 2 HS"," BW-FGL3-TO-WIL2",3,99.97
"Wilgers 2 HS"," BW-WIL2-SEC-N",4,99.96
"Wilgers 2 HS"," BW-WIL2-SEC-NE ONDER",3,99.97
"Wilgers 2 HS",BW-WIL_2-PM,2,99.98
"Wilgers 2 HS","WIL2 - Grove-AP",2,99.98
"Wilgers 2 HS","Wilgers 2 - Static 1",6,99.93
"Wilgers 2 HS","Wilgers 2 - Static 2",4,99.96
"Wilgers 2 HS","Wilgers 2 - Static 3",2,99.98
"Wilgers 2 HS","Wilgers 2 Fibre Tilera",1,99.99
"Trophy Medal Botique","Throphy Medal Botique",12,99.87
"Trophy Medal Botique",BW-TMB-SECT-4,12,99.87
"Trophy Medal Botique",BW-TMB-SECT-3,18,99.8
"Trophy Medal Botique"," BW-TMB-SECT-2",12,99.87
"Trophy Medal Botique"," BW-BH-C-TO-TMB",1,99.99
"Trophy Medal Botique"," BW-TMB-SECT-1",10,99.89
"Trophy Medal Botique","TMB PM",11,99.88
"Wilgers 1 HS",BW-Wilgers-1,1,99.99
"Wilgers 1 HS"," BW-WIL1-SEC-N-ONDER",2,99.98
"Wilgers 1 HS"," BW-WIL1-SEC-N-BO",1,99.99
"Wilgers 1 HS"," BW-WIL1-SEC-NW",1,99.99
"Wilgers 1 HS"," BW-WIL1-SEC-NE",1,99.99
"Wilgers 1 HS"," BW-BH-FGL4-MAGALIES",2,99.98
"Wilgers 1 HS",WIL1-PM,1,99.99
"Wilgers 1 HS","Wilgers 1 - Static 1",6,99.93
"Wilgers 1 HS","Wilgers 1 - Static 2",4,99.96
"Wilgers 1 HS","Wilgers 1 - Static 3",4,99.96
"Kameelfontein HS",BW_Kameeldrif,34,99.63
"Kameelfontein HS"," www.bronbergwisp.co.za/Kameel-East",36,99.6
"Kameelfontein HS",Kameel_PM,752,91.73
"Kameelfontein HS","Moloto - Kammel-Station",33,99.64
"Kameelfontein HS","Kameeldrif to Roodeplaat AP",34,99.63
"Moloto HS","Moloto HS",4,99.96
"Moloto HS"," Mol-Sect-2",1,99.99
"Moloto HS"," UBNT-MOL-SEC-1",1,99.99
"Moloto HS",Moloto_PM,24,99.74
"Moloto HS","Castle - Moloto-AP",2,99.98
"Moloto HS","Castle - Moloto-Station",2,99.98
"Moloto HS","Moloto - Kammel-AP",1,99.99
"Wrapsa HS","WRAPSA HS",7,99.92
"Wrapsa HS",Wrapsa-Sector-S,5,99.95
"Wrapsa HS"," Wrapsa-Sector-N",5,99.95
"Wrapsa HS",Wrapsa-Sector-E,3,99.97
"Wrapsa HS"," WRAPSA BACKUP LINK @ brakfontein",53,99.42
"Wrapsa HS","WRAPSA PM",71,99.22
"Wrapsa HS","Wrapsa - STG-Station",4,99.96
"Wrapsa HS",Wrapsa-TS,4,99.96
"St Georges HS","MikroTik St. Gorges",3,99.97
"St Georges HS"," STG-WRAPSA",1,99.99
"St Georges HS"," BW-STGEORGE-SEC-SE",6,99.93
"St Georges HS"," BW-STG-SEC-S",4,99.96
"St Georges HS"," BW-St George Sec-NW",4,99.96
"St Georges HS"," BW-St George Sec-1",3,99.97
"St Georges HS",STG_PM,20,99.78
"Mooikloof 2","Mooikloof 2 HS",39,99.57
"Mooikloof 2"," MK2 EAST Sector 1",37,99.59
"Mooikloof 2"," mK2-SEctor north",20,99.78
"Mooikloof 2"," MK2 WEST Sector 2",44,99.52
"Mooikloof 2"," MK2 South",29,99.68
"Mooikloof 2"," TFWB-Elarduspark - Mooikloof 2 - AC",3,99.97
"Mooikloof 2","MK1 - MK2-Station",26,99.71
"Mooikloof 1","Mooikloof 1",7,99.92
"Mooikloof 1"," UBNT SEC E MK ",13,99.86
"Mooikloof 1"," UBNT SEC W MK ",13,99.86
"Mooikloof 1"," UBNT SEC N MK ",12,99.87
"Mooikloof 1"," UBNT SEC S MK ",6,99.93
"Mooikloof 1",MK1_PM,21,99.77
"Mooikloof 1","Lammers2 - MK1-Station",3,99.97
"Mooikloof 1","MK1 - MK2-AP",16,99.82
"Mooikloof 1","Mk1 Sec Nuut",11,99.88
"Olympus EXT HS1","MikroTik Olympus Ext.",16,99.82
"Olympus EXT HS1"," WISPSA-OLYE-SECTOR3",14,99.85
"Olympus EXT HS1"," WISPSA-OLYE-SECTOR2",14,99.85
"Olympus EXT HS1"," BH-OLYM-LK2",6,99.93
"Olympus EXT HS1"," WISPSA-OLYE-SECTOR1",13,99.86
"Olympus EXT HS1"," WISPSA-OLYE-SECTOR4",15,99.84
"Olympus EXT HS1","Olympus Ext PM",184,97.98
"Olympus Main HS","MikroTik Olympus Main",6,99.93
"Olympus Main HS"," BW-OLYM-OOS",2,99.98
"Olympus Main HS"," WISPSA-OLYM-SECTOR3",6,99.93
"Olympus Main HS"," UBNT-WISPSA-OLYM-SECTOR2",2,99.98
"Olympus Main HS"," WISPSA-OLYM-SECTOR1",2,99.98
"Olympus Main HS"," FR HS-OLY",3,99.97
"Olympus Main HS","Olympus Main_PM",9,99.9
"Olympus Main HS","OlympusM - French-Station",1,99.99
"Amanda Sig 1","Amandasig PPPOE",36,99.6
"Amanda Sig 1"," BW-AMANDA-SEC-NE",38,99.58
"Amanda Sig 1"," BW-AMANDA-SEC-SW",65,99.29
"Amanda Sig 1"," BW-AMANDA-SEC-NW",39,99.57
"Amanda Sig 1"," BW-AMANDA-SEC-SE",32,99.65
"Amanda Sig 1",AMANDA_PM,127,98.6
"Amanda Sig 1",BW-BH-AMANDA2-VIBRO,29,99.68
"Amanda Sig 1",BW-BH-AMANDA-SAARTJIE,36,99.6
"Amanda Sig 1","AmandaSig Static Cam",33,99.64
"Amanda Sig 1","Amanda Tough Switch 2",34,99.63
"Amanda Sig 1",BW-Amandasig-PTP-Hatchurch,31,99.66
"Wonderboom HS","Wonderboom HS",1,99.99
"Wonderboom HS"," WDB-SECTOR-3",1,99.99
"Wonderboom HS",WDB-SECT-NE,49,99.46
"Wonderboom HS",WDB-SECTOR4,1,99.99
"Wonderboom HS"," WDB-SECTOR-2",2,99.98
"Wonderboom HS"," WDB-SECTOR1",2,99.98
"Wonderboom HS",WBD_PM,1,99.99
"Wonderboom HS","Castle - WDB-Station",4,99.96
"Wonderboom HS",BW-WDB-VOIP-NE,3,99.97
"Vibro Laudium HS","Vibro Laudium HS",13,99.86
"Vibro Laudium HS"," vibro-south",20,99.78
"Vibro Laudium HS"," BW-BH-LAUDIUM-VIBRO",12,99.87
"Vibro Laudium HS",Vibro-Laudium_PM,20,99.78
"Vibro Laudium HS","Vibro - CBD-AP",18,99.8
"Vibro Laudium HS",BW-Sec-Vibro-S2,21,99.77
"Loft Apartments HS","Loft Apartments",16,99.82
"Loft Apartments HS"," Rocket - LT-NORTH",16,99.82
"Loft Apartments HS"," Loft Sector South",15,99.83
"Loft Apartments HS"," CBD-Loft",16,99.82
"CBD HS","CBD Mikrotik",15,99.83
"CBD HS"," CBD-SECT-SW",15,99.83
"CBD HS"," CBD-SECT-EAST",15,99.83
"CBD HS"," CBD-SECT-NE",12,99.87
"CBD HS"," CBD-SECT-SE",20,99.78
"CBD HS"," CBD-SECT-W",21,99.77
"CBD HS"," CBD-SECT-SOUTH",16,99.82
"CBD HS"," CBD-SEC-NW",19,99.79
"CBD HS"," CBD-SEC-NW-2",13,99.86
"CBD HS"," CBD-Heights",22,99.76
"CBD HS"," TFWB-BH-CBD-PIETER DELPORT",15,99.84
"CBD HS",CBD-PM,134,98.53
"CBD HS",CBD-PM,104,98.86
"CBD HS","Lammers - Cbd-Station",12,99.87
"CBD HS","Vibro - Laudium SIAE",12,99.87
"CBD HS","CBD - Groenkloof-Station",22,99.76
"Chamboard HS",Chamboard,3,99.97
"Chamboard HS"," BW-Bridge-Blue",1,99.99
"Chamboard HS"," BW-SECTOR-BLACK",1,99.99
"Chamboard HS"," BW-SECTOR-ORANGE",1,99.99
"Chamboard HS"," BW-SECTOR-RED",2,99.98
"Chamboard HS"," BW-SECTOR-GREEN",1,99.99
"Chamboard HS"," BW-SECTOR-BLUE",1,99.99
"Chamboard HS"," BW-SECTOR-YELLOW",1,99.99
"Chamboard HS",CHAM_PM,4,99.96
"Chamboard HS","Lemon Tree",2,99.98
"Chamboard HS",Ignite-Chamboard,1,99.99
"GroenKloof KlapperKop",TFWB-Groenkloof-Mikrotik2011,12,99.87
"GroenKloof KlapperKop"," TFWB-Groenkloof-Sec1",24,99.74
"GroenKloof KlapperKop"," TFWB-Groenkloof-Sec-NW-2",25,99.73
"GroenKloof KlapperKop"," TFWB-Groenkloof-Sec-N-2",24,99.74
"GroenKloof KlapperKop"," TFWB-Groenkloof-Sec3",20,99.78
"GroenKloof KlapperKop"," TFWB-Groenkloof-Sec-NE",33,99.64
"GroenKloof KlapperKop"," Prism CBD - Groenkloof",21,99.77
"GroenKloof KlapperKop",GRN-KLF_PM,147,98.38
"Tulip HS","Tulip HS Mikrotik",47,99.48
"Tulip HS"," BW-TULIP-WEST",56,99.38
"Tulip HS"," BW-TULIP-SOUTH",46,99.49
"Tulip HS"," BW-TULIP-EAST",55,99.4
"Tulip HS"," BW-TULIP-NORTH",45,99.51
"Tulip HS",TULIP_PM,49,99.46
"Tulip HS","Polaris - Tulip-AP",41,99.55
"Rykor HS","MikroTik Rykor",61,99.33
"Rykor HS"," RYKOR-TO-DONKERHOEK",60,99.34
"Rykor HS"," BW-RYK-SEC-S",58,99.36
"Rykor HS"," BW-RYK-SEC-W",62,99.32
"Rykor HS"," BW-RYK-SEC-E",59,99.35
"Rykor HS"," BW-RYK-SEC-N",59,99.35
"Rykor HS"," Rykor-To-Savanna",66,99.27
"Rykor HS","Rykor to Castle -Station",59,99.35
"Rykor HS","RYKOR PM",615,93.24
"Aspin HS",ASPEN,49,99.46
"Aspin HS"," CEN-LAK-S",41,99.55
"Aspin HS"," CEN-LAK-E",40,99.56
"Aspin HS"," CEN-LAK-N",83,99.09
"Aspin HS",CEN-LAK-W,117,98.71
"Aspin HS","Lyttleton - Aspen-Station",47,99.48
"Aspin HS","Polaris - Centlake-Station",38,99.58
"Aspin HS",BW-Aspin-PM,65,99.29
"Polaris HS","Waterkloof HS Polaris Ave RB2011 (192.168.30.187)",38,99.58
"Polaris HS"," WKF- WEST",54,99.41
"Polaris HS"," Bronwisp Sector WKF-SE",40,99.56
"Polaris HS"," WKF - EAST",60,99.34
"Polaris HS","Polaris - Centlake-AP",42,99.54
"Polaris HS","Polaris - Tulip-Station",43,99.53
"Polaris HS","Polaris - FGL5-Station",35,99.62
"Polaris HS","Polaris HS TS",48,99.47
"Lyttelton HS","BW Lyttelton HS",39,99.57
"Lyttelton HS"," TFWB-Lyttleton-Sec4-W",44,99.52
"Lyttelton HS"," TFWB-Lyttelton-Sec3-S",38,99.58
"Lyttelton HS"," TFWB-Lyttleton-Sec1-N",40,99.56
"Lyttelton HS"," TFWB-Lyttleton-Sec2-E",40,99.56
"Lyttelton HS"," Gerhard Street Estate @Lytt",36,99.6
"Lyttelton HS",LYTT-PM,79,99.13
"Lyttelton HS","Lyttleton - Aspen-AP",39,99.57
"Lyttelton HS","Lyttleton - Vodacom-Station",38,99.58
"Lyttelton HS","Lyttleton Static 2",64,99.3
"Lyttelton HS",TFWB-Lyttleton-Sec5-SW,40,99.56
"Lyttelton HS","Lyttleton Static Cam 2",76,99.16
"Lyttelton HS",TFWB-Lyttelton-Sec-SW,50,99.45
"Lyttelton HS",TFWB-Lyttelton-Sec-NW,43,99.53
"Pieter Delport Meintjieskop","BW-Pieter delport",18,99.8
"Pieter Delport Meintjieskop"," TFWB-PieterDP-SEC5-NE",12,99.87
"Pieter Delport Meintjieskop"," TFWB-PieterDP-Sec4-SE",19,99.79
"Pieter Delport Meintjieskop"," TFWB-PieterDP-Sec2-NE",16,99.82
"Pieter Delport Meintjieskop"," TFWB-PieterDP-Sec1-NW",13,99.86
"Pieter Delport Meintjieskop"," TFWB-PieterDP-Sec3-S",15,99.84
"Pieter Delport Meintjieskop"," Twin City Prism",17,99.81
"Pieter Delport Meintjieskop",MEINTJIESKOP-PM,38,99.58
"Pieter Delport Meintjieskop","Pieter Delport - CBD-Station",11,99.88
"Pieter Delport Meintjieskop","Meintjieskop - Static 1",39,99.57
"Pieter Delport Meintjieskop","Meintjieskop - PTZ",39,99.57
"Pieter Delport Meintjieskop",TFWB-PieterDP-SEC1-N45,15,99.84
"Pieter Delport Meintjieskop","Ptp-Nitelife @ PieterDelport",17,99.81
"Lammers 4",Lammers4,1,99.99
"Lammers 4"," BW-LAM4-SEC-SW-BO",2,99.98
"Lammers 4"," BW-LAM4-SECT-SE-BO",1,99.99
"Lammers 4"," BW-LAM4-SEC-NE-BO",1,99.99
"Lammers 4"," BW-LAM4-SECT-SE-ONDER",1,99.99
"Lammers 4"," BW-LAM4-SECT-NE-ONDER",1,99.99
"Lammers 4"," BW-LAM4-FP-SE",3,99.97
"Lammers 4"," BW-LAM4-WATERLAKE",2,99.98
"Lammers 4","Kevin Gast P2P",3,99.97
"Lammers 4","Lammers 4 - Farmin East-AP",1,99.99
"Lammers 4","Lammers 4 - Farmin East-Station",1,99.99
"Lammers 4","Lammers 4 - Waterlake-Station",1,99.99
"Lammers 4","Lammers 4 - Boardwalk-AP",2,99.98
"Lammers 4","Lammers 4 Pm",2,99.98
"Lammers 4","Lammers 4 - Static 1",6,99.93
"Lammers 4","Lammers 4 - Static 2",4,99.96
"Lammers 4","Lammers 4 - Static 3",4,99.96
"Lammers 4",Lammers4-LGR,2,99.98
"Lammers 4",LGR-Lammers4,7,99.92
"Faerie Glen 2 (Koedoesnek)",bwkoedoesnek,3,99.97
"Faerie Glen 2 (Koedoesnek)"," TFWB-FGL-North",2,99.98
"Faerie Glen 2 (Koedoesnek)"," TFWB-FGL-South",2,99.98
"Faerie Glen 2 (Koedoesnek)","Koedoesnek - FGL 3-Station",2,99.98
"Faerie Glen 2 (Koedoesnek)","Koedoesnek  Fibre Tilera",3,99.97
"Faerie Glen 2 (Koedoesnek)","Koedoesnek (FGL2) - Static 1",5,99.95
"Faerie Glen 2 (Koedoesnek)","Koedoesnek (FGL2) - Static 2",4,99.96
"Faerie Glen 2 (Koedoesnek)","Koedoesnek (FGL2) - Static 3",5,99.95
"Faerie Glen 2 (Koedoesnek)","Koedoesnek (FGL2) - Static 4",5,99.95
"Faerie Glen 2 (Koedoesnek)","Koedoesnek (FGL2) - Static 5",76,99.16
"Lammers 3",BW_LAMMERS3,3,99.97
"Lammers 3"," Pavilion Lammers 3 link",3,99.97
"Lammers 3"," BW_lam3_Sec_E_Bo",7,99.92
"Lammers 3"," BW_lam3_Sec_NE_Onder",6,99.93
"Lammers 3"," BW_lam3_Sec_NE_Bo",5,99.95
"Lammers 3"," BW_lam3_Sec_E_Onder",1,99.99
"Lammers 3"," LAM3-SECT-E-45deg",1,99.99
"Lammers 3"," BW-LAM3-SEC4-E",4,99.96
"Lammers 3","Lammers 3 PM",2,99.98
"Lammers 3","Lammers 3 - Static 1",6,99.93
"Lammers 3","Lammers 3 - Static 2",8,99.91
"Lammers 3","Lammers 3 - Static 3",6,99.93
"Lammers 3",BW_lam3_Sec_E_Onder2,7,99.92
"Lammers 2",lammers2,2,99.98
"Lammers 2"," BW-LAM2-SEC-SOUTH",4,99.96
"Lammers 2","  BW-LAM2-SEC-SE",1,99.99
"Lammers 2","  BW-LAM2-SEC-WEST",12,99.87
"Lammers 2"," BW-LAM2-SEC-EAST",15,99.84
"Lammers 2","Lammers2 - MK1-AP",1,99.99
"Lammers 2","Lammers 2 PM",2,99.98
"Lammers 2","Lammers 2 - Static 1",6,99.93
"Lammers 2","Lammers 2 - Static 2",5,99.95
"Lammers 2","Lammers 2 - Static 3",5,99.95
Amsterdam,"Amsterdam Block 1",121,98.67
Amsterdam,"Amsterdam Block 2",109,98.8
Amsterdam,"Amsterdam Block 4",107,98.82
Amsterdam,"Amsterdam Block 93",112,98.77
Amsterdam,"Amsterdam Block 94",109,98.8
Amsterdam,"Amsterdam Block 95",109,98.8
Amsterdam,"Amsterdam Block 96",130,98.57
Amsterdam,"Amsterdam Main CCR",77,99.15
Amsterdam," Amsterdam-AP-to-Landrover",81,99.11
Amsterdam,"Amsterdam Block 30",110,98.79
Amsterdam,"Amsterdam Block 3",117,98.71
Amsterdam,"Amsterdam Block 24",113,98.76
Amsterdam,"Amsterdam Block 25",115,98.74
Amsterdam,"Amsterdam Block 26",108,98.81
Amsterdam,"Amsterdam Block 27",119,98.69
Amsterdam,"Amsterdam Block 32",118,98.7
Amsterdam,"Amsterdam Block 33",114,98.75
Amsterdam,"Amsterdam Block 34",111,98.78
Amsterdam,"Amsterdam Block 35",101,98.89
Amsterdam,"Amsterdam Block 36",111,98.78
Amsterdam,"Amsterdam Block 37",100,98.9
Amsterdam,"Amsterdam Block 28",114,98.75
Amsterdam,"Amsterdam Block 29",111,98.78
Amsterdam,"Amsterdam Block 30",105,98.85
Amsterdam,"Amsterdam Block 31",131,98.56
Amsterdam,"Amsterdam Block 38",110,98.79
Amsterdam,"Amsterdam Block 39",108,98.81
Amsterdam,"Amsterdam Block 40",113,98.76
Amsterdam,"Amsterdam Block 23",107,98.82
Amsterdam,"Amsterdam Block 22",120,98.68
Amsterdam,"Amsterdam Block 21",113,98.76
Amsterdam,"Amsterdam Block 20",124,98.64
Amsterdam,"Amsterdam Main CCR",1,99.34
Amsterdam,"Amsterdam Site Office",243,97.33
Amsterdam,"Amsterdam PM",172,98.11
Amsterdam,"Amsterdam Block 5",111,98.78
Amsterdam,"Amsterdam Block 6",106,98.83
Amsterdam,"Amsterdam Block 7",110,98.79
Amsterdam,"Amsterdam Block 8",109,98.8
Amsterdam,"Amsterdam Block 9",106,98.83
Amsterdam,"Amsterdam Block 10",132,98.55
Amsterdam,"Amsterdam Block 11",104,98.86
Amsterdam,"Amsterdam Block 12",98,98.92
Amsterdam,"Amsterdam Block 13",105,98.85
Amsterdam,"Amsterdam Block 41",149,98.36
Amsterdam,"Amsterdam 48 Port Switch (Phase 6)",6,99.33
Amsterdam,"Amsterdam - Block 81",6,99.33
Amsterdam,"Amsterdam - Block 82",5,99.44
Amsterdam,"Amsterdam - Block 83",8,99.1
Amsterdam,"Amsterdam - Block 84",10,98.88
Amsterdam,"Amsterdam - Block 85",695,22.09
Amsterdam,"Amsterdam - Block 90",23,97.42
Amsterdam,"Amsterdam - Block 91",395,55.72
Amsterdam,"Amsterdam - Block 92",408,54.26
Balboa,"Balboa Block 8",158,98.26
Balboa,"Balboa Block 1",151,98.34
Balboa,ClubhouseHotspot,244,97.32
Balboa,"Balboa Block 5",150,98.35
Balboa,"Balboa Block 9",162,98.22
Balboa,"Balboa Block 4",150,98.35
Balboa,"Balboa Block 2",140,98.46
Balboa,"Balboa Block 3",135,98.51
Balboa,"Balboa Block 6",140,98.46
Balboa,"Balboa Block 7",157,98.27
Balboa,"Balboa Block 10",144,98.42
Balboa,"Balboa Block 11",149,98.36
Balboa,"Balboa Block 12",155,98.29
Balboa,"Balboa Block 13",144,98.42
Balboa,"Balboa Block 14",147,98.38
Balboa,"Balboa Block 15",148,98.37
Balboa,"Balboa Block 16",140,98.46
Balboa,"Balboa Block 17",134,98.53
Balboa,"Balboa Block 18",133,98.54
Balboa,"Balboa Block 19",151,98.34
Balboa,"Balboa Block 20",141,98.45
Balboa,"Balboa Block 21",136,98.5
Balboa,"Balboa Server Room",117,98.71
Balboa,"Balboa Block 36",136,98.5
Balboa,"Balboa Block 25",127,98.38
Greenstone,"Greenstone Block 18",32,99.65
Greenstone,"Greenstone Block 23",37,99.59
Greenstone,"Greenstone Block 24",30,99.67
Greenstone,"Greenstone Block 78",37,99.59
Greenstone,"Greenstone Block 22 ",36,99.6
Greenstone,"Greenstone Block 3",43,99.53
Greenstone,"Greenstone Block 2",30,99.67
Greenstone,"Greenstone Block 1",31,99.66
Greenstone,"Greenstone Block 6",33,99.64
Greenstone,"Greenstone Block 26",30,99.67
Greenstone,"Greenstone Block 28",39,99.57
Greenstone,"Greenstone Block 27",41,99.55
Greenstone,"Greenstone Block 21",29,99.68
Greenstone,"Greenstone Block 20",37,99.59
Greenstone,"Greenstone Block 19",32,99.65
Greenstone,"Greenstone Block 17",36,99.6
Greenstone,"Greenstone Block 16",36,99.6
Greenstone,"Greenstone Block 14",22,99.76
Greenstone,"Greenstone Block 13",25,99.72
Greenstone,"Greenstone Block 11",35,99.61
Greenstone,"Greenstone Block 10",33,99.64
Greenstone,"Greenstone Block 8",36,99.6
Greenstone,"Greenstone Block 5",29,99.68
Greenstone,"Greenstone Block 12",28,99.69
Greenstone,"Greenstone Block 9",40,99.56
Greenstone,"Greenstone Block 25",26,99.71
Greenstone,"Greenstone Block 31",34,99.63
Greenstone,"Greenstone Block 50",26,99.71
Greenstone,"Greenstone Block 51",37,99.59
Greenstone,"Greenstone Block 49",32,99.65
Greenstone,"Greenstone Block 44",33,99.64
Greenstone,"Greenstone Block 47",30,99.67
Greenstone,"Greenstone Block 40",29,99.68
Greenstone,"Greenstone Block 37",25,99.72
Greenstone,"Greenstone Block 36",33,99.64
Greenstone,"Greenstone Block 30",33,99.64
Greenstone,"Greenstone Block 35",28,99.69
Greenstone,"Greenstone Block 43",30,99.67
Greenstone,"Greenstone Block 41",31,99.66
Greenstone,"Greenstone Block 39",31,99.66
Greenstone,"Greenstone Block 15",30,99.67
Greenstone,"Greenstone Block 7",36,99.6
Greenstone,"Greenstone Block 34",33,99.64
Greenstone,"Greenstone Block 32",30,99.67
Greenstone,"Greenstone Block 33",38,99.58
Greenstone,"Greenstone Block 45",33,99.64
Greenstone,"Greenstone Block 29",27,99.7
Greenstone,BW-GreenStonePM,29,99.68
Greenstone,"Greenstone Tilera uplink",25,99.73
Greenstone,"Greenstone CCR Blck51-Teraco",30,99.67
Greenstone,BW-BH-MAXXIS-GREENSTONE,40,99.56
Greenstone,"GreenStone Planet Switch 1",27,99.7
Greenstone,"Greenstone Block 4",28,99.69
Greenstone,"Greenstone Block 42",26,99.71
Greenstone,"Greenstone Block 46",27,99.7
Greenstone,"Greenstone Block 48",33,99.64
Greenstone,"Greenstone Block 52",36,99.6
Greenstone,"Greenstone Block 53",36,99.6
Greenstone,"Greenstone Block 54",30,99.67
Greenstone,"Greenstone Block 55",29,99.68
Greenstone,"Greenstone Block 56",31,99.66
Greenstone,"Greenstone Block 57",28,99.69
Greenstone,"Greenstone Block 58",33,99.64
Greenstone,"Greenstone Block 59",29,99.68
Greenstone,"Greenstone Block 60",43,99.53
Greenstone,"Greenstone Block 61",41,99.55
Greenstone,"Greenstone Block 62",51,99.44
Greenstone,"Greenstone Block 63",31,99.66
Greenstone,"Greenstone Block 64",28,99.69
Greenstone,"Greenstone Block 65",34,99.63
Greenstone,"Greenstone Block 66",33,99.64
Greenstone,"Greenstone Block 67",28,99.69
Greenstone,"Greenstone Block 68",31,99.66
Greenstone,"Greenstone Block 69",30,99.67
Greenstone,"Greenstone Block 70",26,99.71
Greenstone,"Greenstone Block 71",35,99.62
Greenstone,"Greenstone Block 72",33,99.64
Greenstone,"Greenstone Block 73",28,99.69
Greenstone,"Greenstone Block 74",34,99.63
Greenstone,"Greenstone Block 75",31,99.66
Greenstone,"Greenstone Block 76",25,99.73
Greenstone,"Greenstone Block 77",31,99.66
Unknown,"Google main",18,99.8
Unknown," PtP - Gigantic Earth Movers",9,99.9
Unknown," Clearaccess Uplink",9,99.9
Unknown,"JQ huis",3,99.95
Bronbergcastle," Titanium SE",56,99.38
Bronbergcastle," BW-C-P-S3",35,99.61
Bronbergcastle," BW-C-P-S5",34,99.63
Bronbergcastle," BW-C-SECT-W-06",36,99.6
Bronbergcastle," BW-C-SECT-W-05",29,99.68
Bronbergcastle," BW-C-SECT-W-04",36,99.6
Bronbergcastle," BW-C-SECT-W-03",37,99.59
Bronbergcastle," BW-C-SECT-W-01",34,99.63
Bronbergcastle," BW-C-SECT-S-03",39,99.57
Bronbergcastle," BW-C-SECT-S-01",32,99.65
Bronbergcastle," Titan-West-4",56,99.38
Bronbergcastle," BW-C-S-E3",41,99.55
Bronbergcastle," BW-C-P-E1",34,99.63
Bronbergcastle," BW-T-Voip-W1",27,99.7
Bronbergcastle," BW-C-SECT-E-04",35,99.61
Bronbergcastle," BW-C-SECT-W-02",33,99.64
Bronbergcastle," C-MK-NEW",28,99.69
Bronbergcastle,Google,19,99.79
Bronbergcastle," Titan South 1",33,99.64
Bronbergcastle,TESt,19,99.79
Bronbergcastle," BronWisp-North-1-STICTLY MIKROTIKS",37,99.59
Bronbergcastle," www.herotel.co.za/CSL-N3",33,99.64
Bronbergcastle," 45deg sector",35,99.62
Bronbergcastle," BW-C-SECT-N-07",35,99.62
Bronbergcastle," BW-C-SECT-N-06",31,99.66
Bronbergcastle," UBNT - BW-C-SECT-N-05",37,99.59
Bronbergcastle," UBNT - BW-C-SECT-N-04",34,99.63
Bronbergcastle," UBNT - BW-C-SECT-N-03",33,99.64
Bronbergcastle," UBNT - BW-C-SECT-N-02",29,99.68
Bronbergcastle," UBNT - BW-C-SECT-N-01",33,99.64
Bronbergcastle," BW-C-SECT-N-00",28,99.69
Bronbergcastle,T4NOCMTik,7,99.82
Bronbergcastle,"Core Neotel Router",3,99.97
Bronbergcastle,BW-Kantoor,37,99.59
Bronbergcastle,"Main IPIP / PPPOE Concentrator",28,99.69
Bronbergcastle,"New Castle Sectors Tilera",26,99.71
Bronbergcastle,"Castle Top Backhaul Switch",3,99.97
Bronbergcastle,"Core 1",1,99.99
Bronbergcastle,PenultimateCore,3,99.97
Bronbergcastle,"Core 2",2,99.97
Bronbergcastle,Core3,3,99.97
Bronbergcastle,"Castle - Chamboard-AP",3,99.97
Bronbergcastle,"Castle - Chamboard-Station",2,99.98
Bronbergcastle,"Castle - WDB-AP",2,99.98
Bronbergcastle,"Castle - Trophy-Station",3,99.97
Bronbergcastle,"Wipronet Merging Router",0,100
Bronbergcastle,"Ultimate_COre Oppiekoppie1",1,99.95
Bronbergcastle,Core5,0,100
Bronbergcastle,"Main smtp",50,99.45
Bronbergcastle,"Castle Top Switch to Isizwe",52,99.43
"Witpoort Wipronet","www.wipronet.co.za/2.4-oos witpoort",2,99.98
"Witpoort Wipronet"," WIT-SEE",5,99.94
"Witpoort Wipronet","Coetzee - Witpoort ",2,99.98
"Witpoort Wipronet","Witpoort HS",3,99.97
"Witpoort Wipronet","Witpoort PM",7,99.92
"Laeveld HS"," LV-NORTH",34,99.63
"Laeveld HS"," LV-East",42,99.54
"Laeveld HS","Laeveld - Constantia-Station",35,99.62
"Laeveld HS",Leaveld-Bronwisp-Main-Breakout,45,99.51
"Laeveld HS",Laeveld-HS-RB2011,40,99.56
"Esteq Wipronet",(www.wipronet.co.za/EST-E),2,99.98
"Esteq Wipronet",(www.wipronet.co.za/EST-SE),2,99.98
"Esteq Wipronet",www.wipronet.co.za/EST-NNW,2,99.98
"Esteq Wipronet","Esteq Power Monitor",1,99.99
"Esteq Wipronet",TFWB-Esteq,2,99.98
"King's highway Wipronet ",www.wipronet.co.za/KH-SSO,3,99.97
"King's highway Wipronet ",www.wipronet.co.za/KingS-s,3,99.97
"Edelweis Wipronet",www.wipronet.co.za/edelweiss-N,10,99.89
"Edelweis Wipronet"," Edelweise Uplink",9,99.9
"Edelweis Wipronet",Edelweis-Client-TS,13,99.86
"NG Kerk Wipronet",www.wipronet.co.za/legist,9,99.9
"NG Kerk Wipronet",www.wipronet.co.za/ngk-w,10,99.89
"NG Kerk Wipronet",www.wipronet.co.za/ngk-sw,11,99.88
"NG Kerk Wipronet",Uplink,9,99.9
"Roodeplaat Wipronet",www.wipronet.co.za/j-vd-v,13,99.86
"Plotnet 51 (Riaan Tailor) Wipronet"," uplink_plot51 @Plotnet51",2,99.98
"Plotnet 51 (Riaan Tailor) Wipronet","Plotnet 51",5,99.95
"Plotnet 51 (Riaan Tailor) Wipronet","Plotnet 51 Tough switch",5,99.95
"Plotnet 51 (Riaan Tailor) Wipronet","Rocket@ Plotnet 51",2,99.98
"Plotnet 51 (Riaan Tailor) Wipronet",vryheid-plotnet7,5,99.95
"Plotnet 51 (Riaan Tailor) Wipronet","BW-PN51-Wildpark Plotnet 51 Sector 10.105.13.133",0,100
"Morelleta Wipronet ","""www.wipronet.co.za/MOR-NE""",4,99.96
"Morelleta Wipronet ",www.wipronet.co.za/moreletta-n,1,99.99
"Morelleta Wipronet ",Uplink-Wip-Morelletta-Waverley,3,99.97
"Hoek Wipronet "," www.wipronet.co.za/HK-SW",7,99.92
"Hoek Wipronet ",(www.wipronet.co.za/HK-SSW),6,99.93
"Hoek Wipronet ",(www.wipronet.co.za/hoek2),5,99.95
"Hoek Wipronet ",www.wipronet.co.za/HK-SSSW,6,99.93
"Hoek Wipronet ",(www.wipronet.co.za/HK-SWW),4,99.96
"Hoek Wipronet ",www.wipronet.co.za/HK-NE,5,99.95
"Hoek Wipronet ",www.wipronet.co.za/HK-SW_1,5,99.95
"Hoek Wipronet ",(www.wipronet.co.za/hoek2.1),5,99.95
"Hoek Wipronet ",BW-HK-NW,5,99.95
"Hoek Wipronet ","Hoek TS 1",7,99.92
"Hoek Wipronet ","Hoek TS  2",3,99.97
"Hoek Wipronet ","Hoek TS 3",52,99.43
"Hoek Wipronet ",BW-HK-SEC-SW_2,28,99.69
"Hoek Wipronet ","Hoek HS",1,99.91
"Sosh HS-005"," TFWB-SOSH5-SEC-W",92,98.99
"Sosh HS-005",SOSH-005-PM,103,98.87
"Sosh HS-005",TFW-Sosh-HS-005,90,99.01
"Sosh HS-001"," TFWB-Soch007-sec1",172,98.11
"Sosh HS-001",SOSH-001-PM,245,97.31
"Ben Goosen Wipronet","Ben Goosen Nano 1",56,99.38
"Ben Goosen Wipronet","Ben Goosen Nano 2",86,99.05
"Ben Goosen Wipronet","MHoog to Ben Goosen",4,99.96
"Kitty Hawk Wipronet"," Uplink TVG",13,99.86
"Kitty Hawk Wipronet",KittyHawk-WaterToring,15,99.84
"Kitty Hawk Wipronet","Kittyhawk ToughSwitch",13,99.86
"Kitty Hawk Wipronet","Nano @ KittyHawk",14,99.85
"Kitty Hawk Wipronet","VoltageCheck @ KittyHawk",34,99.63
"Kitty Hawk Wipronet","Kitty Hawk Sector",14,99.85
"Salo de Swart (R 21) Wipronet",www.wipronet.co.za/riet,1,99.99
"Salo de Swart (R 21) Wipronet","Salo Station",1,99.99
"Alpha Sand Wipronet"," Alphasand Sec 1",41,99.55
"Alpha Sand Wipronet","AlphaSand PM",8,99.91
"Alpha Sand Wipronet","Alfasand TS",5,99.91
"Sosh HS-006",SOSH-HS-006-PM,85,99.07
"Sosh HS-006","Sosh6 - Amandasig-AP",20,99.78
"Sosh HS-006","Sosh6 - Amandasig-Station",43,99.53
"Sosh HS-006",BW-SOSH006,16,99.82
"Stinkfinger HS","Stinkstevingers PM",33,99.64
Babelegi,TFW-Babelegi-PM,202,97.78
"Amanda Sig 2","Amanda New PM",103,98.87
"Muniforum ",Muniforum-PM,205,97.75
"Muniforum ","Muniforum - Static 1",239,97.37
"Sosh HS-002",SOSH-002-PM,145,98.41
"Sosh HS-003",SOSH-003-PM,143,98.43
"ATTR HS-002",ATTR-002-PM,1403,84.57
"ATTR HS-001",ATTR-001-PM,87,99.04
"Mamelodi CC","MAME CC-PM",209,97.7
"Mamelodi CC",TFW-Mame-CC,99,98.91
"Mame HS-001",MAME-001-PM,176,98.06
"Mame HS-001",Mame-Hs001-M1,164,98.2
"Church Square",CHURCH-PM,47,99.48
"Church Square","TFW Isizwe Bus Project",37,99.59
"Church Square","BW-Ticket Office",46,99.49
"Sosh HS-010",SOSH-010-PM,25,99.73
"Sosh HS-010","TFW Soshunguve HS-010-Library Hotspot",31,99.66
"Sosh HS-008",SOSH-008-PM,177,98.05
"Sosh HS-011",Sosh-HS-011-PM,258,97.16
"Sosh HS-011",TFW-SOSH-HS-111,289,96.82
"Sosh HS-011",TFW-SOSH-HS-111,276,96.96
"MOUNTAIN VIEW HS","TFWB-MountainView Mikrotik",19,99.79
"MOUNTAIN VIEW HS",TFWB-MountainView-Sec7-SE_2,29,99.68
"MOUNTAIN VIEW HS",TFWB-MountainView-Sec3-NE,29,99.68
"MOUNTAIN VIEW HS"," TFWB-Mountianview-PM",31,99.66
"MOUNTAIN VIEW HS",TFWB-MV-Client-TF,25,99.73
"MOUNTAIN VIEW HS","Mountainview side PTP Link ",25,99.73
"MOUNTAIN VIEW HS",BW-Mountainview-EdgeSwitch(PoE),21,99.77
"MOUNTAIN VIEW HS",BW-MountainView-30-W,41,99.54
"MOUNTAIN VIEW HS",BW-MountainView-30-SW,19,99.79
"MOUNTAIN VIEW HS",BW-MountainView-30-S2,21,99.77
"MOUNTAIN VIEW HS",BW-MountainView-30-S1,31,99.65
"MOUNTAIN VIEW HS",BW-MountainView-30-SE,25,99.72
"MOUNTAIN VIEW HS",BW-MountainView-30-E,33,99.63
"MOUNTAIN VIEW HS",BW-Mountainview-45-W,26,99.71
"MOUNTAIN VIEW HS",BW-Mountainview-45-O,18,99.8
"MOUNTAIN VIEW HS",BW-Mountainview-30-NE,25,99.72
"MOUNTAIN VIEW HS",BW-Mountainview-30-N,21,99.77
"MOUNTAIN VIEW HS",BW-Mountainview-30-NW,22,99.75
"Boardwalk Heights","Lammers 4 - Boardwalk-Station",2,99.98
"Boardwalk Heights","Uplink Block 2",1,99.99
"Boardwalk Heights","Boardwalk Block2 MikroTik2011",2,99.98
"Boardwalk Heights","Uplink Block 3",4,99.96
"Boardwalk Heights","Boardwalk Block3 MikroTik2011",2,99.98
"Boardwalk Heights","Uplink Block 4",1,99.99
"Boardwalk Heights","Boardwalk Hieghts Block4 R2011",2,99.98
"Boardwalk Heights","Uplink Block 5",2,99.98
"Boardwalk Heights","Boardwalk Block5 MikroTik2011",2,99.98
"Boardwalk Heights","Uplink Block 6",1,99.99
"Boardwalk Heights","Boardwalk Block6",2,99.98
"Boardwalk Heights","Uplink Block 7",1,99.99
"Boardwalk Heights","Boardwalk Block 7 MikroTik2011 ",3,99.97
"Boardwalk Heights","Uplink Block 8",1,99.99
"Boardwalk Heights","Boardwalk Block 8 unit 64-72",1,99.99
"Boardwalk Heights","Uplink Block 12",1,99.99
"Boardwalk Heights","block12 boardwalk heights",1,99.99
"Boardwalk Heights","Uplink Block 10",3,99.97
"Boardwalk Heights","Boardwalk Heights Blok 10 Units 82-90",1,99.99
"Boardwalk Heights","Uplink Block 18",1,99.99
"Boardwalk Heights","block 18- boardwalk heights mikrotik 2011",3,99.97
"Boardwalk Heights","Uplink Block 21A",2,99.98
"Boardwalk Heights","Boardwalk heights Block 21A",3,99.97
"Boardwalk Heights","Uplink Block 21 B",21,99.77
"Boardwalk Heights","MikroTik Block 21 B",23,99.75
"Boardwalk Heights","Block22/  2011 unit 217-225",1,99.99
"Boardwalk Heights","Uplink Block 28",1,99.99
"Boardwalk Heights","Boardwalk Block 28",2,99.98
"Boardwalk Heights","Uplink Block 29",1,99.99
"Boardwalk Heights","BoardwalkBlock29 MikroTik2011",2,99.98
"Boardwalk Heights","Uplink Block 32",1,99.99
"Boardwalk Heights","BOardwalk Heights Block 32",2,99.98
"Boardwalk Heights","Block 15 Uplink",4,99.96
"Boardwalk Heights","Boardwalk Heights Units 136 - 144",2,99.98
"Gerhard Straat","Lyttelton - Gerhard Str-Station",45,99.51
"Gerhard Straat","Gerhard Street CRS Phase 1",40,99.56
"Gerhard Straat","Gerhard Street Power Monitor",40,99.56
"Gerhard Straat","Gerhard Street CRS Phase 1",36,99.6
"Gerhard Straat","Gerhard Str 24 Port Switch Block1",43,99.53
"Gerhard Straat","Gerhard Str 48 Port  Switch Block2",61,99.33
"Gerhard Straat","Gerhard Straat Block 3",43,99.53
"Gerhard Straat","Gerhard Str Block 3 Planet",40,99.56
"Gerhard Straat","Gerhard Staat Switch for Block 4",76,99.16
"Janelda Wipronet ","Janelda Boerderye",2,99.98
"Janelda Wipronet ","Janelda Sector - Fly inn",3,99.97
"Janelda Wipronet ","Janeldda Toughswitch",2,99.98
"Janelda Wipronet ","Janelda Sec N",2,99.98
"Janelda Wipronet ","Janelda Sec NE",2,99.98
"Janelda Wipronet ",Janelda,2,99.98
"Lombardy Estate","Uplink to FarmInn",6,99.93
"Lombardy Estate","Lombardy Office Park 2011",13,99.86
"Little Eden Wipronet","Bapsfonteint to Little Eden",1,99.99
"Little Eden Wipronet","Little  to Bapsfontein",1,99.99
"Little Eden Wipronet","Little Eden ToughSwitch",2,99.98
"Little Eden Wipronet","Little Eden Sector",1,99.99
"Little Eden Wipronet","Little Eden Sec NW",1,99.99
"Little Eden Wipronet","Little Eden East",2,99.98
"Little Eden Wipronet","Little Eden ToughSwitch ",1,99.99
"Little Eden Wipronet","Little Eden NO",1,99.99
"Little Eden Wipronet","Little Eden",1,99.99
"Little Eden Wipronet"," Grootfontein_LittleEden @LittleEden ",2,99.98
"Little Eden Wipronet"," Grootfontein_LittleEden @Grootfontein ",1,99.99
"Little Eden Wipronet","Little Eden PM",1,99.99
"Burnett HS","Burnett HS",2,99.98
"Burnett HS","Studios @ Burnett Hotspot Router",4,99.96
"Burnett HS","Burnett PM",2,99.98
"Burnett HS","SIAE @  Studio Burnett to Morelleta ",2,99.98
"Bapsfontein Wipronet",Bapsfontein,1,99.99
"Bapsfontein Wipronet","Bapsfontein Wipronet PM",1,99.99
"Bapsfontein Wipronet",www.wipronet.co.za/bapsfontein,1,99.99
"Bapsfontein Wipronet",www.wipronet.co.za/BF-NW,1,99.99
"Bapsfontein Wipronet",www.wipronet.co.za/baps-E,1,99.99
"Bapsfontein Wipronet",BW-BAPS-2.4-Sec,2,99.98
"Bapsfontein Wipronet",Babs-Sec-S,2,99.98
"Bapsfontein Wipronet","Bapsfontein_VanWyk @Bapsfontein",4,99.96
"Alexandria Mall",148b7777-278b-498c-92e3-bb78dedcbc0c,788,91.33
"Alexandria Mall","Alexandra Mall 2011",820,90.98
"Bronkhorspruit Silos Wipronet ","Bronkhorstspruit Concentrator",58,99.36
"Bronkhorspruit Silos Wipronet ",www.wipronet.co.za/BHS-S,52,99.43
"Bronkhorspruit Silos Wipronet ",www.wipronet.co.za/russel,49,99.46
"Bronkhorspruit Silos Wipronet ",www.wipronet.co.za/BHS-NEE,53,99.42
"Rhenosterkop Wipronet ",Renosterkop,101,98.89
"Rhenosterkop Wipronet ","BH-Rhenostekop to Hebsiba",102,98.88
"Rhenosterkop Wipronet ","BH-Rhenostekop to WT",56,99.38
"Rhenosterkop Wipronet ","Rheno TS",103,98.87
"Rhenosterkop Wipronet ","CARAB REN - HEP",103,98.87
"Rhenosterkop Wipronet ",www.wipronet.co.za/RH-SEE,105,98.85
"Rhenosterkop Wipronet ",www.wipronet.co.za/leroux,104,98.86
"Rhenosterkop Wipronet ","Rhenosterkop PM",646,92.89
"Rhenosterkop Wipronet ","Renosterkop Kamera",140,98.46
"Hebsiba Wipronet ","Hebsiba RB2011",101,98.89
"Hebsiba Wipronet ","Hebsiba PM",104,98.86
"Hebsiba Wipronet ","Carab Hep Sec1",101,98.89
"Hebsiba Wipronet ","Carab Hep Sec2",97,98.93
"Hebsiba Wipronet ","BH-Hebsiba to Rhenostekop",93,98.98
"Schanskop Wipronet ",www.wipronet.co.za/schans-e,96,98.94
"Schanskop Wipronet ",www.wipronet.co.za/schans-NE,89,99.02
"Schanskop Wipronet ",www.wipronet.co.za/dish,100,98.9
"Schanskop Wipronet ",www.wipronet.co.za/SCH-SSSE,96,98.94
"Schanskop Wipronet ","Schanskop to Carina",114,98.75
"Wapadrand Wipronet ",www.wipronet.co.za/WP-SSSW,10,99.89
"Wapadrand Wipronet ",www.wipronet.co.za/wapad-n,3,99.97
"Wapadrand Wipronet ",www.wipronet.co.za/equestria,4,99.96
"Wapadrand Wipronet ",www.wipronet.co.za/dros,4,99.96
"Wapadrand Wipronet ",www.wipronet.co.za/wapad-grove,5,99.95
"Wapadrand Wipronet ",www.wipronet.co.za/menlyn,4,99.96
"Wapadrand Wipronet ",www.wipronet.co.za/safari,5,99.95
"Wapadrand Wipronet ",www.wipronet.co.za/makro,10,99.89
"Wapadrand Wipronet ",www.wipronet.co.za/wapad-s,10,99.89
"Wapadrand Wipronet ",www.wipronet.co.za/wbc,4,99.96
"Wapadrand Wipronet ",www.wipronet.co.za/WP-S,2,99.98
"Wapadrand Wipronet ",www.wipronet.co.za/WP-SSW,6,99.93
"Wapadrand Wipronet ",www.wipronet.co.za/bridgec,11,99.88
"Wapadrand Wipronet ","Wipronet Wapadrand TS2",4,99.96
"Wapadrand Wipronet ","Wipronet Wapadrand TS1",2,99.98
"Waverly Wipronet ",www.wipronet.co.za/wave-sec1,3,99.97
"Waverly Wipronet ",www.wipronet.co.za/WAV-N,6,99.93
"Waverly Wipronet ",www.wipronet.co.za/WAV-NNNE,5,99.95
"Waverly Wipronet ",www.wipronet.co.za/WAV-NE,4,99.96
"Waverly Wipronet ",www.wipronet.co.za/agcom,4,99.96
"Waverly Wipronet ",www.wipronet.co.za/boom,6,99.93
"Waverly Wipronet ",waverley_struben,3,99.97
"Waverly Wipronet ",Uplink-Wip-Waverley-Morelletta,4,99.96
"Klapperkop HS","Klapperkop (Groenkloof) - Static 1",40,99.56
"Waverley HS","Waverley - Static 1",221,97.57
Harties,"Harties Static Camera 1",95,98.96
Teraco,Angeline,54,99.41
Teraco,Cindy,31,99.66
Teraco,B'Ellana,58,99.36
Teraco,"New Mail server @ Afrihost",36,99.6
"Sosh CC",Sosh-(CC),170,98.13
"Lemon Tree Estate",Lemontree-PM,4,99.96
"Lemon Tree Estate",LemonTree-Uplink,2,99.98
"Lemon Tree Estate","LemonTree Block 4-Uplink",3,99.97
"Lemon Tree Estate","Lemon Tree Block 4",4,99.96
"Lemon Tree Estate"," BW-Lemontree-Blok 2 - Uplink",44,99.52
"LGR Wipronet ","LGR Content Filter",13,99.86
LandRover,"Landrover-To-Amsterdam SIAE",81,99.11
LandRover,"Landrover PM",72,99.21
LandRover,"Landrover HS (Radwin MT)",80,99.12
LandRover,"Landrover HS (SAIE Link MT)",79,99.13
"GreenSands Wipronet","Green Sands",14,99.85
"GreenSands Wipronet","Green sands 2.4",10,99.89
"GreenSands Wipronet",www.wipronet.co.za/vark,12,99.87
"Delmas (Schoeman) Silos Wipronet",www.wipronet.co.za/silo1,4,99.96
"Delmas (Schoeman) Silos Wipronet","""www.wipronet.co.za/delmas-S""",5,99.95
"Delmas (Schoeman) Silos Wipronet",www.wipronet.co.za/delmas-W,6,99.93
"Delmas (Schoeman) Silos Wipronet",www.wipronet.co.za/schSO,2,99.98
"Johan Claasens Wipronet",www.wipronet.co.za/plotnet51-1,7,99.92
"Zwavelsnest Wipronet","AC Link to Plotnet33",22,99.76
"Zwavelsnest Wipronet",Sector,81,99.11
"Van Wyk Silos","Van Wyk Silos",18,99.8
"Van Wyk Silos","Bapsfontein_VanWyk @VanWyk",18,99.8
"Van Wyk Silos",BW-VW-PM,25,99.73
"Van Wyk Silos",BW-VanWyk-Sec-W,19,99.79
"Grand Central","Grand Central Main CCR",44,99.52
"Grand Central","Grand Central PM",46,99.49
"Grand Central","Grand Central Block 2 Planet",46,99.49
"Grand Central","Grand Central Block 3 Planet",49,99.46
"Grand Central","Grand Central Block 4 Planet",44,99.52
"Mooikloof Country Club",BW-Mooikloof-CC-Luberon,309,96.6
Vlakfontein,VLAK-PM,443,95.13
Kannemeyer,"Kannemeyer RX",207,97.72
Kannemeyer,"Kannemeyer 750",202,97.78
Kannemeyer,"Kannemeyer AP2",208,97.71
"Mame HS-004",TFW-Mame-004,103,98.87
"Bultfontein HS",BW-Bultfontein-MK,37,99.59
"Bultfontein HS","Bultfontein side PTP Link",32,99.65
"Bultfontein HS",BW-Bultfontein-TF,35,99.62
"Bultfontein HS",BW-Bult-Sec-N-1,41,99.55
"Bultfontein HS",BW-Bult-Sec-W-4,38,99.58
"Bultfontein HS",BW-Bult-Sec-E-2,30,99.67
"Bultfontein HS","	BW-Bult-Sec-S-3",32,99.65
"Hoewe HS",Hoewe,11,99.88
"Hoewe HS",www.wipronet.co.za/Hoewe-Noord,10,99.89
"Hoewe HS",www.wipronet.co.za/Hoewe-NW,10,99.89
"Hoewe HS",www.wipronet.co.za/Hoewe-Oos,12,99.87
"Hoewe HS",www.wipronet.co.za/Hoewe-SW,14,99.85
"Hoewe HS","Hoewe Sectors TS",7,99.92
"Country Mushroom","BW-CM -Sec N -1",1,99.99
"Country Mushroom","BW-CM -Sec NE -2",2,99.98
"Country Mushroom","BW-CM -Sec SE -3",1,99.99
"Country Mushroom","BW-CM -Sec W - 4",1,99.99
"Country Mushroom","BW-Country Mushroom-MK",1,99.99
"Country Mushroom","Country Mushroom PM",36,99.6
"Country Mushroom","BW-Country Mushroom -TF",1,99.99
"Bastille Estate","Bastille Main CCR",5,99.95
"Bastille Estate","Bastille Power Monitor",38,99.58
"Sontonga Mall","Sontonga Mall - P2P - Easyweb Tower - LigoWave",62,99.32
"Sontonga Mall","Sontonga Mall - LigoWave ",301,96.69
"Sontonga Mall","Sontonga Mall Mikrotik",307,96.62
"Sontonga Mall","Sontonga Mall PM",265,91.68
"Heartfelt Arena","Heartfelt Arena Microwave Heartfeld To Carina HS",58,99.36
"Hannes House","Sek TD-S",186,97.95
"Olympus Wipronet (Danie de Swart)",Olympus,4,99.96
"Olympus Wipronet (Danie de Swart)","Olympus Sector",3,99.97
"Olympus Wipronet (Danie de Swart)","RB750 Switch",4,99.96
"Equestria River Estate","River Estate 1036 Main - MK",3,99.95
"Equestria River Estate","Equestria River Estate PM",2,99.97
"Equestria River Estate","Equestria River Estate Prism",2,99.97
"Equestria River Estate","Equestria River Estate Planet",2,99.96
"Windgate HS","Windgate HS",20,99.64
"Windgate HS",BW-Wingate-Sec-SE,19,99.66
"Windgate HS",BW-Windgate-Sec-N,17,99.69
"Windgate HS","Windgate HS PM",21,99.62
